Examinee ID,Group,Inclusion Code,Item.001,Item.002,Item.003,Item.004,Item.005,Item.006,Item.007,Item.008,Item.009,Item.010,Item.011,Item.012,Item.013,Item.014,Item.015,Item.016,Item.017,Item.018,Item.019,Item.020
1,M,Y,4,3,3,3,3,3,4,3,3,1,5,5,3,3,4,4,4,4,5,4
2,M,Y,5,3,5,5,4,5,4,1,4,5,5,5,4,5,5,5,5,5,5,5
3,M,Y,1,2,2,3,1,1,2,4,1,2,3,2,2,1,2,3,3,2,3,2
4,M,Y,4,4,5,3,1,3,2,3,2,2,5,3,3,3,4,3,4,4,3,3
5,M,Y,3,3,3,1,2,2,2,1,1,3,2,4,2,2,1,4,3,3,4,4
6,M,Y,2,4,3,1,1,1,2,1,1,3,2,3,4,1,3,3,3,3,3,3
7,M,Y,4,3,3,2,4,3,3,2,4,3,3,4,3,2,4,3,4,3,4,4
8,M,Y,2,2,3,2,3,3,3,2,2,2,2,3,3,2,2,3,3,3,3,1
9,M,Y,3,3,2,2,2,3,1,1,2,3,2,2,2,2,3,3,3,2,3,3
10,M,Y,3,4,2,3,2,3,4,3,1,3,4,4,3,3,3,4,4,3,4,3
11,M,Y,5,4,5,4,5,5,4,3,3,3,5,2,5,3,5,4,5,4,4,4
12,M,Y,5,3,3,3,2,4,2,4,4,3,4,3,4,3,4,4,4,4,5,4
13,M,Y,2,3,1,3,1,2,3,3,2,4,2,4,3,1,2,2,2,2,3,2
14,M,Y,5,4,4,3,2,4,3,1,2,4,3,4,4,2,5,5,4,5,4,4
15,M,Y,5,5,4,3,3,5,5,2,4,1,5,5,5,2,5,4,5,3,3,4
16,M,Y,2,4,3,4,3,3,3,1,4,2,4,5,4,4,4,3,4,4,5,3
17,M,Y,3,3,4,4,2,4,3,1,3,2,2,4,3,2,3,4,4,5,4,4
18,M,Y,3,3,2,2,2,2,3,1,5,2,2,1,2,2,2,2,3,2,2,2
19,M,Y,2,2,1,2,1,1,3,1,4,3,3,3,1,3,2,1,3,1,3,2
20,M,Y,5,4,4,4,4,5,5,3,3,3,3,5,5,5,5,5,5,5,5,5
21,M,Y,3,4,3,3,2,1,3,1,3,3,1,3,4,3,4,3,3,4,5,4
22,M,Y,3,4,5,2,3,3,2,3,1,1,2,3,3,5,3,3,3,4,4,3
23,M,Y,2,3,1,2,1,1,3,2,2,2,2,2,2,1,2,3,2,2,2,3
24,M,Y,4,4,5,3,4,4,4,2,5,4,5,4,4,3,4,4,4,4,4,4
25,M,Y,4,4,3,2,3,1,4,5,4,2,3,3,4,2,5,3,3,3,3,3
26,M,Y,5,4,4,3,4,3,5,1,5,3,3,4,4,3,4,4,3,4,5,5
27,M,Y,5,4,5,4,3,2,5,3,2,3,2,4,5,5,5,5,5,5,3,5
28,M,Y,5,3,4,3,3,3,1,1,4,3,2,1,4,3,5,5,5,2,4,4
29,M,Y,4,3,5,3,4,3,4,4,3,3,5,4,5,2,5,5,5,5,5,4
30,M,Y,5,4,4,3,3,4,4,4,4,2,3,5,5,3,5,4,5,4,4,5
31,M,Y,5,5,4,3,3,5,4,4,5,2,5,3,4,5,5,4,5,5,4,5
32,M,Y,3,3,3,2,2,4,3,3,2,2,2,3,2,2,2,3,3,3,3,3
33,M,Y,4,3,4,3,2,3,3,1,3,2,4,3,3,3,2,3,5,3,4,3
34,M,Y,4,2,3,3,2,5,3,2,1,2,4,3,3,4,3,3,4,3,3,3
35,M,Y,1,3,2,4,2,1,2,3,1,1,2,3,2,4,2,3,3,2,2,3
36,M,Y,5,5,5,5,4,5,4,2,2,4,5,5,5,5,5,4,5,5,3,5
37,M,Y,5,3,5,3,2,3,4,2,3,4,2,3,4,3,5,4,4,4,3,4
38,M,Y,5,3,5,3,4,5,4,4,2,5,4,3,5,4,5,5,5,5,3,5
39,M,Y,5,4,3,3,2,2,3,3,1,1,3,3,3,2,3,4,3,3,3,5
40,M,Y,5,4,5,4,3,5,3,1,4,4,3,1,4,5,5,5,5,4,5,5
41,M,Y,3,1,3,3,3,4,3,5,4,1,4,1,4,2,3,4,4,3,3,3
42,M,Y,4,4,4,3,4,4,3,2,5,3,3,2,3,3,4,4,5,3,3,5
43,M,Y,2,3,3,3,2,1,3,1,1,2,4,4,3,1,3,3,3,2,3,3
44,M,Y,3,3,4,3,4,5,3,2,3,5,2,3,3,2,4,2,3,4,3,2
45,M,Y,4,3,2,3,2,2,3,2,2,2,2,4,3,2,3,3,3,2,4,3
46,M,Y,4,3,5,4,3,3,4,3,3,3,5,3,5,4,4,4,4,4,5,5
47,M,Y,3,2,3,2,3,3,3,2,2,2,4,3,3,3,5,3,4,3,3,4
48,M,Y,2,3,1,2,1,2,3,1,3,2,2,1,3,2,2,1,2,1,2,2
49,M,Y,5,3,5,3,3,5,3,2,2,3,4,3,5,5,5,5,5,5,5,4
50,M,Y,4,3,5,2,2,3,3,3,4,2,4,5,4,2,4,5,4,3,3,3
51,M,Y,3,2,1,2,2,1,5,1,1,3,3,3,2,1,1,3,3,2,3,3
52,M,Y,5,5,5,3,4,5,5,4,3,3,4,4,5,5,5,5,5,5,5,5
53,M,Y,2,2,2,1,1,1,2,1,1,2,2,3,1,1,1,3,1,1,3,2
54,M,Y,3,5,1,5,2,2,2,1,2,2,2,3,2,2,4,4,3,2,3,3
55,M,Y,5,4,5,5,4,2,3,3,5,2,3,2,5,3,4,5,5,5,5,3
56,M,Y,4,3,3,2,3,2,3,1,2,3,4,3,3,2,4,3,4,4,4,4
57,M,Y,4,3,4,2,5,3,3,4,4,4,2,3,3,4,5,3,3,4,4,4
58,M,Y,4,4,5,3,3,5,2,1,2,3,5,3,4,4,5,4,4,4,5,4
59,M,Y,1,2,2,1,2,2,1,4,1,3,3,2,1,2,2,4,3,2,4,3
60,M,Y,4,3,3,3,3,3,2,2,4,2,1,3,3,2,4,4,3,2,3,4
61,M,Y,3,4,4,3,3,2,4,1,2,3,1,4,4,3,5,2,3,4,4,5
62,M,Y,5,4,5,4,3,5,4,3,5,2,4,2,5,3,5,5,5,5,5,5
63,M,Y,4,3,3,2,1,3,3,5,2,2,3,3,3,3,4,3,3,2,3,2
64,M,Y,4,4,4,1,2,5,2,3,1,3,3,4,4,3,3,4,5,4,4,2
65,M,Y,5,4,3,3,4,4,4,4,2,3,4,5,4,4,4,4,4,4,3,4
66,M,Y,5,5,5,4,3,5,4,2,3,2,2,4,5,4,4,5,5,4,5,5
67,M,Y,5,3,5,3,2,5,5,1,3,3,4,4,4,4,5,4,5,4,5,4
68,M,Y,3,3,3,3,2,2,3,3,1,3,5,2,3,1,2,3,5,2,3,5
69,M,Y,2,3,2,1,3,2,2,1,4,1,2,3,3,1,2,3,3,2,3,3
70,M,Y,3,3,3,2,3,1,3,2,1,1,3,3,4,1,3,3,3,3,3,2
71,M,Y,3,2,1,3,2,3,1,1,1,3,1,3,3,1,2,3,3,1,2,3
72,M,Y,5,5,5,3,3,5,3,2,4,2,4,4,5,5,5,5,3,5,5,5
73,M,Y,3,4,2,2,2,2,3,3,2,3,2,1,2,3,1,3,3,3,4,4
74,M,Y,4,3,4,2,4,2,3,2,2,3,4,4,4,2,5,4,5,4,5,5
75,M,Y,4,3,5,4,3,3,3,3,2,3,4,2,4,4,4,4,5,4,4,4
76,M,Y,5,3,5,5,3,3,3,2,5,3,4,5,5,5,4,5,5,5,5,3
77,M,Y,5,3,5,2,3,4,3,1,2,3,2,3,5,3,4,4,4,5,4,3
78,M,Y,5,5,5,3,2,5,4,3,4,4,3,3,4,4,4,4,5,5,5,5
79,M,Y,3,3,1,3,2,4,2,3,2,1,2,3,3,1,2,3,4,2,4,3
80,M,Y,5,4,5,3,3,5,3,3,4,4,5,4,5,4,4,5,5,5,3,5
81,M,Y,1,1,1,3,1,1,2,1,2,1,1,1,2,1,2,3,2,3,4,4
82,M,Y,3,3,4,3,2,1,3,3,2,3,3,3,2,3,2,3,3,3,3,2
83,M,Y,4,3,4,3,2,3,3,2,3,2,4,4,4,1,5,4,5,4,3,4
84,M,Y,2,3,2,3,1,2,2,1,3,2,2,3,3,1,3,3,3,1,3,3
85,M,Y,4,2,4,3,3,3,3,2,3,4,4,4,4,4,3,4,4,3,3,4
86,M,Y,4,4,5,3,1,2,3,1,4,1,2,2,3,4,3,3,3,3,3,5
87,M,Y,1,2,1,4,1,3,1,1,1,2,4,2,1,2,2,2,2,1,3,2
88,M,Y,4,5,4,3,3,3,4,4,5,1,2,3,4,3,5,3,4,4,5,4
89,M,Y,3,5,5,4,3,5,4,4,3,1,5,3,4,4,5,3,5,5,4,5
90,M,Y,3,3,3,2,2,2,3,2,3,2,3,3,3,2,3,3,3,3,4,3
91,M,Y,2,2,1,1,2,1,2,1,2,1,3,1,2,1,2,3,2,1,3,1
92,M,Y,5,4,3,4,3,5,5,3,2,3,2,4,4,4,4,5,3,4,3,5
93,M,Y,1,2,2,1,1,1,3,2,2,2,2,3,1,3,3,2,2,1,3,2
94,M,Y,3,3,2,3,2,4,4,1,3,2,2,2,3,3,3,3,4,2,4,3
95,M,Y,4,4,5,2,2,3,3,1,4,4,4,3,4,3,4,3,3,3,3,4
96,M,Y,2,3,1,1,1,2,1,2,2,2,1,2,3,1,2,2,3,1,3,2
97,M,Y,5,5,4,5,3,4,5,3,3,4,5,3,5,3,5,4,4,5,4,4
98,M,Y,4,4,3,2,1,3,3,3,1,4,4,4,3,3,4,5,4,3,3,5
99,M,Y,4,3,4,4,2,4,5,4,2,2,4,3,4,3,4,4,5,4,3,4
100,M,Y,3,2,1,1,2,1,2,2,2,1,2,4,1,5,3,2,3,2,3,2
101,M,Y,3,3,3,2,2,2,4,1,2,1,3,1,4,3,2,4,4,2,3,4
102,M,Y,4,1,1,1,2,2,2,2,2,1,2,5,2,2,2,2,3,2,1,3
103,M,Y,2,2,3,2,1,2,2,1,3,3,2,2,1,2,2,3,3,2,3,3
104,M,Y,4,3,5,2,2,4,4,4,2,3,4,3,3,3,4,4,4,4,2,4
105,M,Y,4,3,1,2,1,4,3,4,5,1,2,2,3,1,1,4,3,2,2,3
106,M,Y,1,3,2,2,2,1,3,1,1,2,2,2,1,3,2,3,1,1,3,3
107,M,Y,2,2,2,2,2,3,3,2,2,2,2,2,4,4,4,3,3,2,3,2
108,M,Y,5,4,5,3,4,3,5,4,1,1,5,5,5,5,5,4,5,5,5,4
109,M,Y,4,4,4,3,3,2,4,2,1,3,4,4,5,3,5,5,5,5,5,5
110,M,Y,1,1,1,2,1,2,1,1,1,1,3,3,1,1,2,1,3,1,3,3
111,M,Y,4,5,4,3,5,4,5,2,4,3,5,4,4,4,5,4,4,4,5,4
112,M,Y,3,4,4,3,3,5,3,2,3,2,2,3,4,3,3,3,4,4,4,4
113,M,Y,1,3,1,1,2,4,1,1,1,2,1,3,2,2,1,2,3,2,3,1
114,M,Y,4,3,2,3,3,2,2,1,1,2,4,2,3,1,4,3,4,3,4,3
115,M,Y,3,3,4,3,2,3,3,3,4,3,4,5,4,2,4,4,4,3,4,4
116,M,Y,3,4,3,3,2,1,3,2,3,2,4,4,4,3,3,2,3,4,4,4
117,M,Y,5,5,5,4,3,4,3,2,4,2,4,4,5,5,5,4,5,5,5,5
118,M,Y,5,5,4,4,3,4,3,3,4,3,3,4,5,4,4,5,5,5,4,3
119,M,Y,3,2,3,1,2,5,3,2,1,3,5,2,2,3,3,3,4,2,3,3
120,M,Y,4,3,4,4,3,5,2,1,4,3,2,4,3,5,3,5,4,4,3,4
121,M,Y,4,4,5,3,3,5,4,2,4,4,3,4,4,5,4,4,5,3,4,4
122,M,Y,5,4,5,3,3,3,5,3,3,3,3,2,3,4,4,4,4,3,4,3
123,M,Y,4,3,4,3,2,3,5,2,2,2,4,2,3,3,2,4,4,3,5,3
124,M,Y,5,5,5,3,3,1,3,4,4,4,3,5,3,5,5,4,5,4,5,3
125,M,Y,5,3,5,2,3,5,4,1,5,3,2,4,4,2,4,4,5,4,4,5
126,M,Y,1,5,2,2,1,2,3,1,2,2,2,4,1,2,3,3,3,1,3,2
127,M,Y,5,4,5,2,1,4,3,3,3,3,5,3,4,5,5,3,5,4,4,5
128,M,Y,4,4,3,2,3,2,3,2,3,4,4,3,4,2,4,3,5,3,3,3
129,M,Y,4,5,5,4,4,5,5,3,2,2,4,4,5,4,5,5,5,5,5,5
130,M,Y,4,3,2,1,1,2,3,1,2,3,5,4,3,3,3,3,4,4,4,4
131,M,Y,2,1,1,3,1,1,1,1,2,2,2,2,1,1,3,3,3,1,3,1
132,M,Y,3,2,1,3,2,3,3,1,2,2,1,3,2,2,1,4,3,3,3,4
133,M,Y,5,4,5,5,4,5,3,5,3,1,4,4,5,4,5,5,5,5,5,4
134,M,Y,4,4,4,3,2,4,1,3,3,2,4,3,5,2,4,5,5,4,4,5
135,M,Y,4,5,3,3,2,4,3,3,3,1,4,2,4,4,5,3,5,3,3,5
136,M,Y,3,4,3,3,2,3,2,1,3,3,1,4,3,2,4,2,3,4,5,4
137,M,Y,4,4,4,4,3,3,3,3,5,4,5,3,5,4,5,4,5,5,5,4
138,M,Y,4,3,3,3,1,1,1,1,2,1,1,1,3,4,3,4,3,4,3,2
139,M,Y,3,4,4,2,2,3,4,3,3,1,2,4,4,3,4,4,3,2,3,4
140,M,Y,4,5,5,4,3,5,2,1,3,3,5,3,4,5,3,4,4,4,5,3
141,M,Y,2,3,2,2,1,2,1,1,3,2,3,2,1,1,2,2,3,3,1,2
142,M,Y,3,2,2,4,2,2,2,1,4,2,4,3,2,2,4,3,3,2,4,3
143,M,Y,3,4,3,3,3,3,3,2,2,2,4,2,4,3,3,3,3,4,4,3
144,M,Y,4,4,4,3,3,3,4,2,4,1,4,3,4,5,4,5,5,4,5,5
145,M,Y,2,3,1,2,1,1,2,1,3,1,2,3,2,2,2,2,2,2,3,1
146,M,Y,3,3,3,3,2,2,2,1,3,2,4,3,3,4,3,3,3,2,5,3
147,M,Y,2,1,3,1,3,2,3,1,1,1,3,3,2,1,2,1,3,1,3,2
148,M,Y,5,4,5,4,3,3,5,3,3,3,5,4,5,5,5,4,5,3,5,5
149,M,Y,5,4,5,3,3,5,4,3,3,3,5,3,5,4,4,4,4,4,4,5
150,M,Y,2,3,2,2,1,1,2,2,1,1,1,1,2,2,3,3,2,2,4,2
151,M,Y,3,1,1,2,2,1,1,1,3,1,3,2,1,1,2,1,3,1,3,2
152,M,Y,4,4,5,3,3,3,5,3,3,2,2,4,4,3,5,4,3,5,5,4
153,M,Y,4,4,4,3,2,4,3,4,2,3,2,4,3,4,3,3,4,4,4,5
154,M,Y,4,3,4,4,2,2,2,2,1,3,2,2,3,3,4,3,5,2,3,4
155,M,Y,5,5,5,3,3,5,5,2,4,3,3,5,5,4,5,4,5,5,5,5
156,M,Y,4,4,5,5,3,5,4,1,5,1,5,4,5,3,4,5,3,4,4,4
157,M,Y,1,3,2,1,2,1,2,2,2,3,1,2,1,2,2,2,1,3,3,1
158,M,Y,2,2,2,3,3,3,3,1,2,2,4,2,3,4,4,4,4,3,3,3
159,M,Y,3,3,3,1,3,3,2,3,3,2,4,2,3,3,2,3,2,2,3,2
160,M,Y,4,4,4,3,3,1,3,2,5,3,2,4,4,2,4,3,4,4,3,4
161,M,Y,4,5,4,4,3,3,4,1,1,4,2,4,4,3,4,4,4,2,4,4
162,M,Y,3,1,1,2,2,1,2,1,4,1,2,2,2,1,2,3,2,1,3,2
163,M,Y,4,4,5,3,3,5,4,3,4,2,5,3,3,3,5,3,4,4,5,4
164,M,Y,3,4,2,2,1,1,2,2,1,2,2,1,3,3,2,4,3,3,3,3
165,M,Y,4,3,4,5,1,2,3,2,2,4,4,4,3,1,4,3,2,2,4,3
166,M,Y,5,4,5,4,4,5,4,1,3,3,3,5,5,3,5,5,5,5,5,4
167,M,Y,4,3,4,5,5,4,4,3,2,3,4,2,4,5,5,5,3,3,3,4
168,M,Y,5,5,4,4,4,3,4,4,3,3,5,4,4,4,5,4,4,4,4,4
169,M,Y,3,3,2,2,1,3,2,5,2,1,2,3,3,3,1,3,4,4,3,3
170,M,Y,2,2,1,1,1,2,1,1,2,2,4,3,1,1,2,3,2,2,2,1
171,M,Y,1,3,3,1,1,3,2,4,3,2,2,3,3,2,2,2,3,2,4,3
172,M,Y,3,5,4,2,3,3,4,1,2,2,3,3,3,3,3,3,5,4,3,4
173,M,Y,4,3,3,1,3,4,4,2,4,2,3,2,3,3,4,3,3,2,4,3
174,M,Y,3,3,4,2,1,4,3,2,4,3,3,4,3,2,3,3,3,2,3,3
175,M,Y,3,1,2,3,1,2,3,3,1,2,1,3,3,2,3,3,2,1,3,3
176,M,Y,4,4,4,3,2,4,3,1,4,4,3,2,4,4,4,3,5,4,5,3
177,M,Y,3,4,3,1,2,3,4,1,3,3,2,2,3,4,3,3,4,3,3,3
178,M,Y,2,2,1,4,1,3,2,1,2,1,3,3,4,2,2,4,1,2,3,3
179,M,Y,4,3,2,1,1,5,1,2,4,1,2,3,3,4,2,2,3,3,3,3
180,M,Y,3,2,3,2,2,2,2,1,4,3,3,2,3,4,3,4,4,2,4,3
181,M,Y,5,4,5,3,4,5,4,3,1,3,4,5,5,4,4,5,5,4,5,5
182,M,Y,5,5,5,3,3,5,5,3,1,1,3,3,5,5,4,4,5,4,4,5
183,M,Y,3,3,3,2,1,2,3,2,2,2,3,4,4,2,3,2,3,2,3,4
184,M,Y,1,2,2,3,1,2,2,1,4,1,2,2,3,2,2,3,3,2,3,3
185,M,Y,1,3,1,2,2,2,2,2,1,2,3,2,2,2,3,2,3,2,3,2
186,M,Y,4,3,3,2,3,1,3,2,4,2,3,4,4,5,4,4,4,3,3,4
187,M,Y,4,4,1,3,2,5,3,4,3,1,4,4,3,4,4,3,3,3,5,3
188,M,Y,5,5,5,3,5,4,4,3,4,3,5,5,5,4,5,5,5,5,3,5
189,M,Y,1,2,1,1,1,3,3,3,1,2,1,3,1,2,2,2,2,2,2,2
190,M,Y,4,3,4,1,3,3,5,4,1,3,2,3,4,4,4,4,4,4,4,2
191,M,Y,4,5,5,4,3,5,4,4,4,3,4,3,5,4,5,4,5,5,5,5
192,M,Y,4,3,5,3,3,2,4,3,1,4,2,3,4,1,4,4,5,5,5,4
193,M,Y,4,4,4,3,3,3,4,2,1,2,3,4,4,5,3,3,4,3,5,3
194,M,Y,4,2,2,3,3,3,3,2,2,1,4,3,2,1,3,3,4,3,3,2
195,M,Y,4,2,3,3,2,2,3,2,2,3,3,2,4,1,2,3,2,2,5,4
196,M,Y,4,4,3,5,2,3,3,5,2,2,5,5,4,4,4,5,5,4,5,5
197,M,Y,3,4,4,2,2,5,3,2,5,3,3,2,3,4,3,4,3,3,3,3
198,M,Y,5,5,5,4,4,3,3,2,4,2,4,3,5,5,5,5,5,4,4,5
199,M,Y,4,4,4,5,4,3,5,5,3,2,4,2,5,3,4,5,5,4,4,5
200,M,Y,5,4,5,3,3,4,4,3,3,3,1,3,5,5,4,4,5,4,5,5
201,M,Y,3,4,4,2,1,3,4,3,2,1,2,3,4,3,4,3,5,5,3,3
202,M,Y,3,4,4,3,1,4,2,5,3,3,4,3,3,4,4,4,4,3,3,4
203,M,Y,1,4,1,3,2,1,1,5,1,1,2,5,1,2,1,1,2,1,1,2
204,M,Y,3,4,3,2,1,3,4,2,3,4,2,1,3,2,2,3,3,3,3,3
205,M,Y,4,2,3,1,1,3,2,3,1,2,5,3,3,4,2,3,3,2,4,3
206,M,Y,3,1,2,2,3,2,2,3,1,1,2,4,2,2,2,3,3,2,3,3
207,M,Y,3,5,2,3,2,3,3,3,1,1,3,3,3,3,3,3,3,3,4,3
208,M,Y,3,3,3,3,2,1,2,2,1,1,1,2,2,1,3,3,2,2,3,4
209,M,Y,3,2,3,3,2,5,3,2,1,3,3,3,3,2,3,2,2,3,3,3
210,M,Y,2,2,4,1,1,3,4,2,3,2,5,3,3,2,5,3,3,3,4,3
211,M,Y,3,3,4,3,3,2,3,3,5,3,2,3,4,4,3,3,3,2,3,3
212,M,Y,4,4,4,3,1,3,2,3,2,2,5,4,3,3,2,3,4,3,4,1
213,M,Y,4,1,4,2,3,4,3,2,3,3,3,2,4,3,5,3,3,4,4,5
214,M,Y,5,5,5,3,3,5,4,3,4,3,2,5,5,5,5,5,5,5,5,4
215,M,Y,5,4,4,2,2,4,3,5,4,1,3,2,5,4,3,3,4,3,3,4
216,M,Y,3,3,2,1,4,2,3,2,3,1,2,2,2,2,3,3,3,1,3,2
217,M,Y,4,3,3,3,1,3,2,1,4,2,4,2,3,3,2,2,3,2,3,3
218,M,Y,2,4,3,3,1,2,3,3,3,2,4,4,3,1,3,3,3,3,3,3
219,M,Y,4,2,3,3,2,3,5,2,4,1,3,3,4,2,4,3,4,3,3,4
220,M,Y,3,1,2,1,2,1,3,1,1,1,1,1,2,2,2,2,3,1,3,2
221,M,Y,4,4,5,4,3,5,5,5,3,5,5,4,4,3,4,4,5,5,5,5
222,M,Y,2,2,1,2,2,4,2,1,2,1,4,1,2,1,2,2,3,2,2,2
223,M,Y,5,3,4,4,4,5,3,2,3,1,4,5,4,5,4,4,4,2,5,4
224,M,Y,5,1,4,3,5,4,3,3,2,4,4,5,5,4,4,4,4,5,5,5
225,M,Y,5,5,5,3,3,5,3,3,4,2,4,5,3,3,5,4,4,4,4,4
226,M,Y,5,4,5,3,3,3,5,3,4,3,5,3,5,4,5,5,5,4,5,5
227,M,Y,5,3,5,1,3,4,4,3,3,2,5,3,4,5,4,4,5,2,5,4
228,M,Y,3,1,3,2,2,4,1,3,2,2,3,1,3,2,2,3,4,2,3,4
229,M,Y,3,1,4,3,2,1,3,2,3,3,1,3,3,3,3,4,5,2,4,4
230,M,Y,3,2,2,3,2,3,3,1,2,3,3,1,3,2,3,3,3,2,4,3
231,M,Y,4,3,4,3,3,5,5,3,4,3,5,4,4,3,5,5,5,5,3,5
232,M,Y,4,3,4,3,2,3,3,2,2,2,4,4,3,2,3,4,3,3,3,3
233,M,Y,3,3,1,2,2,2,1,1,3,3,2,2,2,2,2,3,3,3,3,1
234,M,Y,2,5,3,2,1,3,2,1,3,2,2,1,3,2,2,3,3,2,3,3
235,M,Y,4,4,4,3,3,2,4,2,4,2,4,3,4,3,3,3,4,4,3,3
236,M,Y,3,2,3,3,1,2,2,1,5,1,4,2,2,1,4,4,3,1,3,2
237,M,Y,2,1,1,1,1,1,1,1,1,2,1,2,1,1,2,3,1,1,2,1
238,M,Y,5,4,4,3,1,5,5,2,4,4,3,4,5,4,5,5,5,5,5,4
239,M,Y,5,3,5,3,3,5,5,4,2,3,4,3,5,5,5,5,5,5,5,5
240,M,Y,4,4,4,3,2,5,3,1,4,3,5,2,4,4,4,4,4,4,5,3
241,M,Y,4,5,5,3,2,5,4,1,1,5,4,5,4,4,4,5,5,4,4,3
242,M,Y,1,3,3,1,1,2,2,2,2,1,2,1,2,1,3,3,3,3,2,3
243,M,Y,4,3,4,2,2,3,4,1,2,2,5,3,4,4,4,4,3,3,4,5
244,M,Y,2,1,1,2,2,3,1,4,4,1,3,2,2,2,3,1,3,1,4,2
245,M,Y,3,3,3,1,2,2,3,1,2,1,2,2,3,3,3,3,4,2,3,3
246,M,Y,5,5,4,3,4,5,4,3,2,3,5,5,5,5,5,5,5,5,4,5
247,M,Y,3,3,2,2,1,2,3,2,1,2,4,2,1,2,2,3,3,1,3,3
248,M,Y,3,3,4,2,3,3,3,4,1,2,3,3,3,3,4,3,5,3,5,3
249,M,Y,4,4,4,3,3,5,4,3,3,3,3,4,5,3,5,5,5,4,4,5
250,M,Y,4,3,3,4,2,2,3,2,4,2,3,5,3,3,3,5,4,2,4,2
251,M,Y,2,3,2,2,3,1,2,1,3,1,2,3,2,3,2,2,3,2,3,2
252,M,Y,3,2,3,2,1,3,3,3,2,3,4,3,4,3,2,4,4,2,3,1
253,M,Y,3,3,2,3,2,3,3,1,2,2,2,3,3,2,3,3,2,3,5,2
254,M,Y,2,3,1,1,2,2,3,2,4,2,4,3,2,2,2,3,3,3,3,3
255,M,Y,3,3,2,3,2,1,3,2,5,2,4,2,2,2,2,3,3,2,5,3
256,M,Y,5,5,5,1,4,5,4,3,4,3,4,4,5,5,5,5,5,5,5,4
257,M,Y,5,5,5,4,3,5,4,2,2,2,3,5,5,4,5,5,5,5,5,5
258,M,Y,3,4,4,4,2,5,3,3,4,2,2,2,4,4,5,3,3,3,5,3
259,M,Y,3,2,4,3,3,1,1,1,2,3,3,1,3,3,3,4,3,4,2,3
260,M,Y,1,1,1,2,1,2,2,2,3,1,3,1,2,1,3,2,3,1,2,2
261,M,Y,4,3,4,3,5,5,4,4,4,2,4,5,4,3,5,5,5,3,4,3
262,M,Y,5,5,5,4,5,5,3,3,3,4,5,5,5,5,5,5,5,4,3,5
263,M,Y,4,5,4,3,2,4,3,1,2,3,4,1,4,5,4,4,3,3,4,4
264,M,Y,5,4,3,3,3,4,4,3,4,3,4,4,4,3,5,4,5,4,3,3
265,M,Y,5,3,3,4,3,5,3,5,4,3,4,3,5,3,5,5,5,5,5,5
266,M,Y,3,3,5,3,3,5,4,2,4,2,2,4,4,2,5,4,4,3,4,5
267,M,Y,2,3,1,2,2,2,4,2,2,1,2,2,2,1,2,1,2,3,2,4
268,M,Y,3,3,4,3,2,5,4,1,1,4,3,2,3,3,4,4,3,2,3,4
269,M,Y,4,4,4,3,2,4,4,1,2,3,5,5,5,3,5,3,3,4,5,4
270,M,Y,4,2,3,1,3,1,3,1,3,1,2,5,2,2,3,3,3,3,3,3
271,M,Y,2,2,5,4,2,3,1,3,4,3,3,3,3,1,3,3,2,3,5,3
272,M,Y,2,3,1,2,2,1,2,1,1,2,3,1,3,2,2,3,1,2,1,1
273,M,Y,3,4,2,2,2,2,4,2,2,3,3,2,1,1,2,3,3,2,3,2
274,M,Y,5,4,5,4,3,5,4,3,4,4,5,5,5,3,5,5,5,5,5,5
275,M,Y,2,2,3,1,2,1,3,1,4,1,1,4,3,5,2,3,3,1,3,2
276,M,Y,5,4,5,4,3,5,5,5,4,3,3,3,5,5,5,5,5,5,5,5
277,M,Y,5,2,4,3,3,2,3,3,4,3,2,3,5,2,4,4,5,3,5,4
278,M,Y,4,5,3,1,1,3,3,1,2,3,3,2,3,1,4,3,3,3,5,3
279,M,Y,4,1,3,3,2,3,5,3,4,3,4,3,4,3,4,5,4,1,5,4
280,M,Y,5,3,4,4,2,3,2,2,5,1,5,3,4,3,4,4,5,3,4,5
281,M,Y,3,2,3,3,1,1,4,2,4,3,2,3,4,3,3,3,3,3,5,2
282,M,Y,3,2,3,2,2,2,2,1,2,2,5,4,3,3,3,4,3,3,3,1
283,M,Y,5,4,5,5,4,5,3,1,4,3,4,4,5,4,5,5,4,5,3,4
284,M,Y,4,5,5,3,2,3,4,3,4,2,2,3,4,4,4,4,5,4,4,4
285,M,Y,3,3,1,1,2,2,3,1,1,1,2,3,2,2,3,3,2,1,4,4
286,M,Y,3,2,1,1,1,3,1,3,2,3,3,2,1,4,2,3,2,1,1,2
287,M,Y,4,3,4,3,2,4,3,2,4,2,4,4,3,3,3,3,4,3,4,3
288,M,Y,4,3,3,2,4,3,2,1,3,3,4,3,3,3,3,4,4,4,2,4
289,M,Y,5,4,5,3,3,5,4,3,4,3,4,5,4,5,5,5,5,4,3,5
290,M,Y,2,3,1,1,3,1,3,2,1,1,1,3,2,2,2,4,4,1,4,3
291,M,Y,3,2,5,2,2,4,3,2,3,3,4,3,4,1,3,4,4,3,3,4
292,M,Y,2,3,2,2,1,1,1,2,1,2,4,3,3,2,3,2,2,2,3,2
293,M,Y,3,3,3,4,3,2,1,1,4,1,4,5,4,3,3,3,5,3,3,3
294,M,Y,3,3,3,3,1,2,4,2,1,1,2,4,3,2,3,3,3,2,5,3
295,M,Y,1,3,1,2,1,2,2,2,2,1,1,2,2,1,2,2,3,1,3,2
296,M,Y,1,2,3,2,1,2,2,1,2,2,4,1,3,1,3,3,2,2,3,3
297,M,Y,3,3,4,3,2,2,4,3,2,3,4,3,4,5,2,3,4,3,4,3
298,M,Y,4,3,4,3,3,4,3,2,2,3,3,4,4,2,4,3,4,4,4,3
299,M,Y,5,3,5,4,2,5,3,4,2,4,2,4,5,5,4,5,5,3,5,3
300,M,Y,3,2,4,2,1,4,2,3,4,3,2,4,3,2,3,3,4,3,3,1
301,M,Y,3,4,3,3,1,2,3,1,1,2,1,2,2,1,3,3,4,2,3,3
302,M,Y,5,4,4,4,3,4,5,2,3,4,4,3,4,4,5,1,5,5,4,4
303,M,Y,4,4,3,3,3,4,3,3,3,2,3,2,3,4,2,2,4,3,3,3
304,M,Y,3,3,1,5,1,2,3,1,2,1,2,3,1,2,2,3,2,1,3,2
305,M,Y,5,4,5,2,3,4,3,1,2,3,5,3,4,3,5,5,5,4,4,5
306,M,Y,3,3,3,1,2,3,2,2,2,3,3,4,3,2,1,3,3,3,4,1
307,M,Y,4,3,2,2,2,1,2,2,2,3,3,4,3,1,2,3,3,2,3,3
308,M,Y,2,3,2,1,2,3,3,1,1,3,2,4,3,1,2,3,3,2,4,3
309,M,Y,2,3,2,2,1,1,1,1,2,1,2,3,1,1,2,2,1,1,3,2
310,M,Y,5,4,5,1,2,4,3,2,2,2,3,4,5,3,4,4,5,4,4,3
311,M,Y,2,4,2,3,2,2,3,1,2,2,1,3,3,2,3,2,3,1,4,3
312,M,Y,4,2,1,1,1,1,2,2,2,2,2,1,2,2,2,3,3,3,1,2
313,M,Y,5,3,4,5,3,3,2,1,4,3,3,4,4,4,4,4,3,3,3,4
314,M,Y,3,4,4,5,2,3,4,1,3,2,4,2,4,3,4,2,4,4,4,3
315,M,Y,5,4,5,5,3,4,3,5,4,3,4,4,5,4,4,4,5,5,4,3
316,M,Y,5,3,4,3,2,4,4,3,2,2,2,4,5,3,4,4,5,4,4,5
317,M,Y,3,2,1,1,2,2,3,2,3,1,3,2,2,1,2,3,2,2,2,3
318,M,Y,5,4,4,4,3,5,5,1,5,4,4,5,5,5,5,5,4,4,5,3
319,M,Y,5,4,5,3,4,5,5,2,4,4,4,5,5,3,5,5,5,5,5,5
320,M,Y,3,3,4,3,2,5,3,1,3,2,5,4,4,3,4,3,4,5,3,3
321,M,Y,2,3,1,3,2,2,2,1,1,1,4,2,1,2,1,3,3,1,2,2
322,M,Y,2,3,1,3,2,2,2,1,1,1,1,5,1,3,2,3,2,2,3,3
323,M,Y,2,1,2,3,2,2,2,1,2,1,3,3,2,2,2,3,3,2,3,3
324,M,Y,5,4,5,3,4,5,4,4,4,1,5,5,4,3,5,5,5,4,5,5
325,M,Y,5,4,5,4,5,3,5,3,4,3,4,3,4,4,5,4,5,5,5,5
326,M,Y,4,3,4,3,2,5,3,2,4,2,3,2,4,3,4,5,4,5,3,3
327,M,Y,5,5,5,4,4,5,5,3,4,4,3,4,4,5,5,4,5,5,5,5
328,M,Y,5,3,5,2,4,5,2,1,2,2,5,4,5,3,4,5,4,3,4,4
329,M,Y,3,4,2,1,1,3,2,1,3,1,4,3,3,1,3,3,3,2,3,3
330,M,Y,2,4,2,3,1,3,2,1,2,1,2,3,2,3,2,2,3,1,3,3
331,M,Y,5,4,5,3,3,4,5,3,2,3,5,4,5,5,5,5,5,5,5,5
332,M,Y,4,5,4,4,5,2,3,2,4,2,2,4,4,4,4,3,5,4,5,4
333,M,Y,4,2,1,3,2,2,1,1,2,1,1,3,3,3,2,3,2,2,3,3
334,M,Y,4,3,4,2,3,3,4,2,2,2,3,1,4,4,4,5,3,4,5,3
335,M,Y,4,3,4,4,3,4,3,3,2,2,5,3,3,3,3,3,4,3,3,3
336,M,Y,5,4,5,4,3,5,3,4,4,3,2,5,4,4,4,4,4,4,5,5
337,M,Y,3,2,1,1,2,5,2,1,2,4,3,3,4,1,2,3,3,2,4,3
338,M,Y,2,2,1,3,2,2,4,2,3,1,3,3,3,1,3,3,2,2,3,2
339,M,Y,5,3,4,3,3,5,4,5,3,2,3,4,5,2,5,4,5,5,3,5
340,M,Y,5,5,5,4,4,5,3,1,4,3,5,5,5,5,5,4,5,5,4,4
341,M,Y,1,1,1,3,1,1,1,1,2,2,2,3,1,1,1,3,2,1,1,2
342,M,Y,4,3,5,5,3,5,4,3,4,2,4,5,5,5,4,4,5,5,5,5
343,M,Y,3,3,1,3,1,1,2,1,1,1,2,3,1,1,1,2,2,1,3,1
344,M,Y,5,4,5,4,4,4,4,2,3,5,5,4,5,3,5,4,5,4,5,4
345,M,Y,4,3,4,3,3,1,3,3,2,3,3,4,4,4,4,4,5,4,5,3
346,M,Y,5,3,4,5,3,5,3,3,5,3,4,3,5,4,5,4,5,5,5,5
347,M,Y,4,4,4,3,3,4,4,2,4,2,5,3,5,3,5,4,5,4,5,4
348,M,Y,3,3,3,5,3,3,3,1,2,3,2,3,3,3,4,3,4,3,4,5
349,M,Y,4,4,5,3,3,3,3,1,3,1,4,1,5,3,4,4,4,4,4,4
350,M,Y,5,5,5,4,4,5,4,3,2,4,5,5,5,5,5,5,5,4,5,5
351,M,Y,5,4,5,3,3,5,5,4,5,3,4,3,5,4,5,4,5,5,5,5
352,M,Y,3,3,4,3,2,3,2,2,1,3,3,1,3,4,4,3,4,2,3,2
353,M,Y,4,3,4,5,3,4,3,2,4,3,2,4,4,3,3,3,3,4,4,4
354,M,Y,4,5,5,5,4,5,4,2,4,2,3,4,5,5,5,5,5,5,5,5
355,M,Y,5,5,5,5,2,4,4,2,3,4,5,2,4,3,3,5,5,4,5,5
356,M,Y,2,3,1,4,3,2,1,1,3,1,4,5,1,1,1,3,3,1,5,2
357,M,Y,5,4,3,3,4,3,5,2,2,1,1,4,4,4,5,3,5,3,5,5
358,M,Y,4,3,3,2,3,3,1,1,3,3,4,2,3,3,2,3,3,2,4,5
359,M,Y,4,3,3,3,1,2,4,2,2,3,2,2,3,3,3,3,2,3,3,4
360,M,Y,5,4,3,4,4,3,5,5,5,4,5,2,5,4,5,4,5,4,5,4
361,M,Y,1,3,1,1,1,1,1,2,2,1,1,2,1,2,2,3,3,2,3,2
362,M,Y,3,2,2,4,3,3,3,1,4,2,4,1,2,3,3,3,5,3,3,2
363,M,Y,4,5,5,3,1,3,5,3,4,3,5,3,4,2,4,3,5,4,3,5
364,M,Y,2,3,2,2,2,1,1,1,2,1,2,2,2,1,2,3,2,2,3,3
365,M,Y,2,4,2,3,1,1,3,1,3,1,4,2,2,4,3,3,3,2,4,2
366,M,Y,3,3,2,1,4,1,2,1,1,2,3,2,1,5,2,3,3,2,4,2
367,M,Y,3,3,2,1,2,4,3,2,2,3,3,1,2,2,2,4,3,2,3,2
368,M,Y,2,3,1,1,1,1,2,4,2,1,1,2,2,1,2,2,3,2,1,1
369,M,Y,5,4,5,3,2,5,5,3,3,3,5,3,4,3,5,5,4,4,5,4
370,M,Y,3,3,4,3,3,3,4,4,3,3,4,3,3,1,4,3,5,4,5,3
371,M,Y,2,3,3,2,2,1,3,2,1,2,4,4,3,2,2,3,2,2,4,2
372,M,Y,2,2,2,1,3,3,1,2,2,4,5,3,3,2,2,4,2,2,3,2
373,M,Y,3,3,3,2,2,1,4,2,2,2,2,2,3,1,3,3,3,2,5,4
374,M,Y,1,3,2,2,2,3,3,1,2,2,2,3,3,2,3,3,3,3,3,2
375,M,Y,1,1,1,1,1,1,3,4,2,1,4,2,2,2,3,1,2,2,3,3
376,M,Y,3,3,2,3,2,2,2,2,2,2,2,3,3,5,2,3,3,2,3,3
377,M,Y,3,2,2,3,1,2,2,3,2,2,3,4,3,2,2,3,3,2,5,3
378,M,Y,2,4,3,1,3,3,2,2,1,1,2,2,4,5,4,3,3,3,3,3
379,M,Y,3,2,2,3,2,2,1,2,1,2,2,2,2,1,3,3,3,2,5,2
380,M,Y,5,4,5,5,4,5,4,4,1,1,4,3,5,5,5,5,5,5,5,5
381,M,Y,5,4,5,3,3,5,2,2,3,3,5,4,4,4,4,5,3,4,3,5
382,M,Y,5,2,4,3,2,2,5,3,3,4,3,4,5,4,4,4,4,4,5,4
383,M,Y,4,4,3,3,1,1,3,1,2,3,3,3,4,1,2,3,3,2,3,2
384,M,Y,4,5,4,3,2,3,3,1,1,2,5,2,3,3,4,5,4,5,4,5
385,M,Y,3,2,2,1,2,3,3,2,3,1,2,2,2,2,2,3,3,2,2,2
386,M,Y,4,4,4,3,2,4,4,2,4,1,3,3,4,4,2,3,5,5,3,3
387,M,Y,3,3,4,2,1,1,3,1,4,3,4,2,3,2,2,3,3,2,3,3
388,M,Y,4,4,3,2,3,4,2,3,4,1,2,2,3,1,2,4,4,3,3,4
389,M,Y,4,4,5,4,3,5,4,4,3,4,5,3,5,4,4,5,5,5,5,5
390,M,Y,5,2,3,2,1,3,3,1,3,3,3,2,2,3,3,3,3,1,4,3
391,M,Y,3,3,3,3,2,4,3,5,4,1,3,3,3,5,3,3,3,2,4,3
392,M,Y,2,2,2,2,3,4,3,3,3,2,2,4,3,1,3,3,4,2,3,3
393,M,Y,5,4,5,3,3,5,5,4,4,4,2,4,5,4,5,5,5,4,5,5
394,M,Y,3,4,5,3,3,2,5,2,4,3,3,5,5,4,4,5,5,4,3,5
395,M,Y,4,3,4,3,3,3,3,1,4,3,1,4,4,4,4,2,5,3,3,3
396,M,Y,4,4,4,3,3,3,2,3,4,3,3,2,4,2,3,4,4,5,4,3
397,M,Y,4,5,4,2,1,3,4,1,2,1,2,3,3,3,3,3,3,4,3,2
398,M,Y,4,5,5,3,4,4,4,3,4,3,4,3,3,5,4,5,5,4,4,4
399,M,Y,3,4,3,1,2,3,3,1,2,1,3,4,2,4,4,1,3,3,3,1
400,M,Y,5,5,5,4,5,5,5,3,4,4,5,5,5,4,5,5,5,4,5,5
401,M,Y,3,3,4,3,2,2,3,2,5,2,3,3,3,3,5,3,2,2,4,5
402,M,Y,4,4,4,4,4,5,3,3,4,3,3,2,5,1,3,4,5,4,3,4
403,M,Y,3,2,2,1,1,2,4,2,1,3,3,3,2,4,2,2,3,2,3,3
404,M,Y,4,3,4,3,3,4,3,1,4,2,4,3,4,2,3,4,5,5,3,4
405,M,Y,4,5,4,3,2,4,5,2,3,2,5,3,5,4,5,3,5,4,5,4
406,M,Y,3,2,4,3,1,2,3,1,3,1,3,3,3,1,3,3,3,2,3,3
407,M,Y,4,3,5,3,2,5,3,2,2,1,4,4,3,4,3,5,4,4,4,4
408,M,Y,5,3,4,5,3,5,4,5,4,2,5,5,4,3,5,4,4,4,4,4
409,M,Y,4,4,5,3,4,4,3,3,2,1,2,4,4,1,4,4,5,3,4,4
410,M,Y,3,2,1,3,1,2,1,3,4,1,2,3,1,1,1,2,3,2,3,3
411,M,Y,2,2,1,1,1,3,3,2,3,1,2,3,2,2,3,2,3,1,3,3
412,M,Y,4,3,3,4,2,5,2,2,1,2,4,3,2,2,3,1,3,2,3,2
413,M,Y,4,4,4,2,3,4,4,3,1,3,2,3,4,3,4,5,5,4,5,4
414,M,Y,5,4,5,4,3,3,5,3,2,2,3,3,5,5,4,4,5,3,5,3
415,M,Y,3,3,2,1,2,1,3,2,1,1,4,3,1,1,2,3,4,2,3,2
416,M,Y,2,3,1,1,1,1,2,3,2,3,3,2,2,1,2,3,2,1,3,2
417,M,Y,3,4,3,5,1,5,2,2,5,3,5,4,4,4,4,3,5,4,4,4
418,M,Y,4,3,3,3,2,3,2,2,1,1,3,4,4,4,4,4,4,4,5,4
419,M,Y,4,2,2,2,1,3,4,1,2,2,2,3,2,1,3,4,3,3,3,3
420,M,Y,3,3,5,3,2,2,3,1,4,2,3,5,4,2,3,4,4,2,4,3
421,M,Y,2,2,2,4,1,1,2,1,1,1,3,3,2,2,2,4,3,2,3,4
422,M,Y,4,3,4,2,1,2,2,2,4,1,2,4,4,3,3,3,3,4,5,5
423,M,Y,4,5,5,4,3,4,2,2,5,3,5,5,5,2,4,4,5,5,3,3
424,M,Y,5,4,3,4,2,5,3,2,4,3,3,4,4,3,5,4,4,4,5,5
425,M,Y,2,2,1,2,1,3,2,1,1,1,2,4,1,4,1,2,2,1,3,3
426,M,Y,5,4,5,4,2,5,5,3,4,3,5,4,5,4,5,5,5,4,4,5
427,M,Y,2,2,2,1,1,1,1,3,1,1,1,3,3,1,2,3,4,2,3,1
428,M,Y,4,4,4,3,2,3,3,1,4,2,3,4,3,3,3,3,4,4,5,3
429,M,Y,4,4,4,3,3,3,2,1,3,1,4,3,3,1,2,3,3,4,4,3
430,M,Y,2,3,3,1,2,3,4,1,1,1,1,2,3,2,3,3,3,2,3,2
431,M,Y,2,5,3,2,2,3,2,1,3,1,2,3,3,1,2,3,3,1,3,3
432,M,Y,3,2,3,3,2,3,3,1,2,2,2,3,2,4,2,2,3,3,4,3
433,M,Y,4,4,4,3,3,3,4,3,3,1,3,4,4,1,4,4,4,4,5,3
434,M,Y,3,3,3,1,2,1,3,2,1,1,1,3,2,2,3,4,3,1,3,3
435,M,Y,3,3,3,3,4,4,3,3,3,3,3,3,2,4,4,3,3,3,4,5
436,M,Y,5,5,5,5,4,5,3,3,3,3,5,4,4,4,5,5,5,4,5,4
437,M,Y,1,3,4,2,1,4,3,4,4,3,4,5,3,3,2,2,2,3,5,2
438,M,Y,4,3,4,2,3,4,4,2,3,2,2,4,4,3,3,3,4,4,4,3
439,M,Y,2,1,1,3,2,1,1,1,2,1,2,2,1,1,2,1,2,1,3,2
440,M,Y,5,5,5,3,3,5,5,3,5,4,5,3,5,2,5,5,5,5,5,5
441,M,Y,3,4,4,3,2,3,2,3,2,3,2,2,4,3,3,3,5,3,3,3
442,M,Y,3,3,2,2,3,1,3,4,3,2,2,2,2,1,2,3,3,2,4,2
443,M,Y,3,5,5,3,3,3,4,2,2,2,2,3,4,1,4,4,4,4,4,4
444,M,Y,3,1,1,1,1,2,1,3,2,2,4,2,1,2,2,2,2,2,3,3
445,M,Y,1,2,2,2,1,2,1,1,2,3,4,1,2,2,2,2,2,3,3,2
446,M,Y,2,3,3,1,1,2,1,1,1,1,2,2,1,3,2,3,3,3,3,3
447,M,Y,4,4,5,3,4,5,4,3,3,3,5,3,5,4,5,5,5,5,5,5
448,M,Y,4,2,3,4,3,2,1,2,1,1,5,4,3,3,3,3,3,2,3,3
449,M,Y,3,3,1,2,1,1,3,1,2,1,3,1,2,3,2,4,1,2,3,4
450,M,Y,4,5,4,3,3,5,4,5,4,3,2,4,4,3,4,5,5,3,5,4
451,M,Y,4,3,5,4,2,5,4,5,3,2,2,3,4,3,3,3,3,4,3,4
452,M,Y,3,3,2,1,3,2,2,2,2,1,5,3,3,3,4,3,4,3,4,3
453,M,Y,4,3,4,3,3,5,2,1,1,2,4,2,4,3,5,4,4,3,4,3
454,M,Y,5,4,5,3,3,5,4,3,2,4,4,5,5,4,5,5,5,4,4,5
455,M,Y,5,4,5,2,2,3,5,3,2,3,5,4,5,4,5,5,4,3,5,5
456,M,Y,5,3,5,4,3,5,3,3,1,3,4,5,4,4,5,5,5,5,4,4
457,M,Y,2,2,1,1,1,2,1,2,2,1,2,2,1,1,1,2,2,1,4,3
458,M,Y,5,4,5,3,2,4,3,2,2,3,4,3,4,5,4,3,5,4,5,4
459,M,Y,3,2,3,2,1,3,1,2,5,3,2,5,3,3,2,2,2,3,4,1
460,M,Y,2,1,3,2,1,2,2,1,1,1,2,2,1,1,2,3,2,2,1,1
461,M,Y,3,3,2,3,1,2,2,2,2,3,2,3,3,5,4,3,3,2,4,4
462,M,Y,4,5,3,2,3,3,1,2,1,3,5,3,4,2,3,3,4,2,3,3
463,M,Y,2,1,1,1,1,2,2,2,2,1,1,2,2,1,2,2,3,1,1,2
464,M,Y,3,2,2,3,1,3,3,4,4,1,4,5,3,3,4,3,4,3,3,4
465,M,Y,5,5,5,3,3,3,4,3,3,4,5,3,4,3,4,5,5,5,3,3
466,M,Y,5,4,5,5,4,2,5,1,4,3,4,4,5,5,5,5,5,3,5,5
467,M,Y,4,4,5,5,2,5,4,2,4,4,5,5,4,5,5,5,4,4,5,2
468,M,Y,4,3,4,3,3,4,4,3,3,2,4,3,4,3,4,3,4,4,4,4
469,M,Y,3,4,2,1,3,1,2,1,1,1,3,4,3,1,3,3,3,2,3,2
470,M,Y,2,3,4,2,2,2,1,1,3,3,1,2,3,1,3,4,4,2,3,5
471,M,Y,4,3,4,4,1,3,4,3,2,3,2,3,3,1,3,4,4,4,3,3
472,M,Y,5,5,5,4,3,5,4,4,2,1,4,5,5,5,5,5,5,5,5,5
473,M,Y,3,4,3,5,2,2,4,3,3,1,3,3,3,1,4,3,3,3,3,3
474,M,Y,4,3,4,3,1,3,2,1,1,3,3,4,4,3,4,4,5,4,4,3
475,M,Y,4,3,4,2,3,2,2,2,2,4,3,3,3,3,3,3,3,4,3,5
476,M,Y,3,3,4,4,3,3,3,1,4,4,3,4,4,4,4,3,3,2,5,4
477,M,Y,2,2,1,1,1,1,4,4,3,1,1,2,2,2,1,1,2,2,3,2
478,M,Y,3,3,2,2,1,3,3,3,2,2,5,2,3,2,3,4,4,2,4,3
479,M,Y,2,4,4,2,2,3,3,2,2,1,3,2,5,3,3,5,3,4,5,3
480,M,Y,3,3,3,3,3,4,3,2,3,2,4,4,4,2,3,3,4,2,3,3
481,M,Y,3,4,3,2,2,2,3,3,1,3,2,1,4,3,4,3,3,3,3,2
482,M,Y,3,3,2,2,1,1,1,1,2,1,2,2,2,4,3,2,3,3,2,3
483,M,Y,5,3,4,4,4,4,4,1,3,1,3,4,4,1,4,3,5,4,3,3
484,M,Y,3,2,3,3,2,2,3,3,3,1,2,3,4,2,2,3,4,3,4,4
485,M,Y,3,4,5,5,4,4,3,3,3,4,4,5,4,4,4,4,3,4,5,4
486,M,Y,3,5,4,3,2,5,4,3,5,3,2,4,4,4,5,4,4,5,5,4
487,M,Y,4,4,4,4,3,3,3,4,3,2,2,4,3,4,3,5,3,2,4,3
488,M,Y,3,2,4,3,1,3,4,4,3,3,2,4,4,2,5,4,4,4,3,4
489,M,Y,2,2,2,2,1,1,2,3,4,2,1,2,1,2,2,2,1,2,3,3
490,M,Y,2,3,2,2,2,3,3,1,2,2,3,2,1,2,2,5,3,2,3,2
491,M,Y,3,2,2,2,1,1,3,2,2,3,2,2,2,2,2,3,3,2,3,2
492,M,Y,4,4,4,5,3,1,4,5,4,3,5,3,5,5,5,4,5,4,4,4
493,M,Y,5,3,4,4,3,4,5,2,4,3,3,4,4,2,4,4,5,2,4,4
494,M,Y,5,5,5,2,2,5,4,1,2,1,2,3,5,4,4,4,5,3,4,3
495,M,Y,5,4,5,3,4,5,5,4,2,2,3,5,5,4,5,4,5,5,4,5
496,M,Y,1,2,1,2,2,1,3,2,3,2,1,4,1,3,2,2,3,2,3,1
497,M,Y,3,3,3,2,5,3,2,2,2,3,5,2,3,1,3,4,4,2,2,2
498,M,Y,5,5,5,3,4,5,4,3,3,3,4,5,5,4,5,5,5,4,5,4
499,M,Y,3,2,3,2,5,2,3,1,1,1,4,3,4,3,3,4,5,3,5,3
500,M,Y,2,3,2,2,1,1,3,3,3,1,3,1,2,2,1,2,3,2,3,4
501,F,Y,5,3,4,3,1,3,3,3,4,4,3,3,4,4,4,4,5,3,4,3
502,F,Y,3,3,1,3,2,1,1,2,2,2,2,1,2,2,2,3,1,2,2,3
503,F,Y,3,4,3,2,4,3,4,1,2,1,2,2,3,5,3,4,4,2,4,3
504,F,Y,5,5,5,5,3,3,3,2,5,4,4,3,5,4,5,4,5,5,5,5
505,F,Y,4,3,3,4,3,3,3,3,2,3,3,4,5,4,4,4,4,3,5,4
506,F,Y,4,4,5,3,3,3,3,3,4,1,5,3,4,4,4,4,5,4,5,3
507,F,Y,3,3,3,3,1,2,3,4,2,3,4,2,4,3,4,3,4,4,5,3
508,F,Y,3,3,2,3,2,4,3,1,2,3,2,2,3,1,3,4,3,2,3,3
509,F,Y,3,3,3,4,3,2,3,1,3,4,3,1,3,1,3,3,3,3,3,4
510,F,Y,3,3,3,3,2,4,3,1,4,3,3,1,3,2,4,5,5,2,3,3
511,F,Y,3,4,4,2,2,3,3,1,1,1,2,3,3,4,4,3,4,3,3,3
512,F,Y,3,4,3,4,3,3,3,2,4,2,3,4,3,1,4,3,4,3,3,5
513,F,Y,3,1,1,1,3,1,2,2,2,1,3,2,1,2,2,3,2,2,3,1
514,F,Y,5,5,5,4,4,5,5,3,4,3,5,5,5,4,5,5,3,5,5,3
515,F,Y,4,3,4,3,2,3,4,2,4,3,4,5,5,4,3,4,5,4,5,5
516,F,Y,3,3,2,2,1,2,3,1,4,2,3,5,3,3,2,3,3,2,4,3
517,F,Y,4,3,4,3,1,3,5,4,2,2,4,2,3,2,3,5,4,3,3,3
518,F,Y,1,1,2,1,1,2,3,2,2,1,2,4,1,1,2,3,2,4,3,1
519,F,Y,3,3,3,3,2,2,3,2,3,2,5,2,4,3,4,4,3,3,4,4
520,F,Y,3,5,4,3,3,3,4,3,4,2,3,3,4,4,4,3,4,3,4,5
521,F,Y,1,2,1,1,1,5,1,1,1,2,2,2,1,1,2,2,2,2,3,1
522,F,Y,4,3,3,3,2,2,4,2,2,3,2,2,3,2,2,3,3,3,3,1
523,F,Y,4,4,4,3,4,4,5,4,2,2,3,5,4,3,4,3,4,5,5,5
524,F,Y,3,3,3,3,2,5,2,3,3,2,4,3,4,4,2,4,3,3,3,3
525,F,Y,4,3,4,3,3,3,3,3,4,3,3,3,3,1,4,5,4,4,3,4
526,F,Y,5,5,5,3,2,2,5,5,3,3,4,5,5,4,5,5,4,4,4,5
527,F,Y,5,5,4,3,2,3,4,1,3,4,2,5,4,5,5,4,4,4,4,4
528,F,Y,4,5,4,4,3,3,3,3,4,3,4,3,4,4,4,4,4,4,3,4
529,F,Y,4,3,4,3,3,2,4,3,3,3,4,3,4,3,5,5,4,4,3,4
530,F,Y,3,1,3,2,1,3,2,2,2,2,3,2,3,2,2,3,2,3,4,2
531,F,Y,3,3,4,3,2,4,4,1,2,1,3,1,3,2,4,3,3,1,3,4
532,F,Y,5,4,5,5,3,5,5,2,3,2,3,5,5,4,4,4,5,5,5,5
533,F,Y,3,4,2,3,2,4,3,1,4,1,2,5,3,4,4,4,3,4,3,4
534,F,Y,4,4,3,3,2,3,3,3,3,3,3,2,3,3,4,4,5,3,3,3
535,F,Y,5,3,5,3,2,5,4,2,4,4,5,3,4,5,5,5,5,4,3,5
536,F,Y,3,4,2,2,2,3,2,2,2,1,3,1,3,2,3,3,3,3,2,3
537,F,Y,4,4,5,3,3,3,5,3,2,2,3,2,5,4,5,4,5,4,3,4
538,F,Y,3,4,1,2,1,1,2,1,2,1,2,1,1,2,3,3,2,2,3,2
539,F,Y,5,5,5,5,3,5,5,2,4,3,5,5,5,5,5,4,5,5,5,5
540,F,Y,3,3,3,3,3,2,4,3,2,3,4,5,4,3,4,4,4,4,5,4
541,F,Y,2,1,2,2,1,1,2,2,2,3,3,5,2,1,2,2,2,3,3,3
542,F,Y,5,2,4,3,1,4,3,2,3,3,5,4,4,4,5,5,5,5,5,5
543,F,Y,4,3,3,3,2,1,3,4,1,3,2,1,4,3,3,3,3,3,3,3
544,F,Y,3,3,2,1,1,2,3,1,2,4,2,4,3,3,3,3,3,2,3,3
545,F,Y,5,2,3,2,2,2,3,1,2,2,3,4,3,2,3,3,3,1,4,2
546,F,Y,3,2,3,1,1,2,2,3,1,1,4,3,3,4,1,3,3,2,3,3
547,F,Y,4,3,5,5,3,4,5,3,3,3,3,5,5,3,4,4,5,4,5,5
548,F,Y,4,5,5,3,5,4,5,3,4,3,2,3,5,5,5,4,4,4,3,3
549,F,Y,5,4,4,3,3,5,4,4,5,2,4,5,3,5,5,4,4,5,5,4
550,F,Y,3,4,4,2,3,2,4,1,1,3,2,4,3,3,2,4,3,2,3,3
551,F,Y,5,4,5,4,3,2,5,4,5,4,4,5,5,5,5,4,5,5,5,5
552,F,Y,4,5,3,3,2,3,3,3,3,3,4,3,3,1,4,4,3,4,4,5
553,F,Y,4,4,5,5,3,2,3,3,2,3,3,4,5,3,5,4,5,4,5,4
554,F,Y,5,5,5,4,3,4,4,4,4,4,5,5,5,5,5,5,5,5,5,5
555,F,Y,4,2,2,2,1,1,1,2,3,2,3,5,2,3,3,4,3,2,1,3
556,F,Y,5,4,5,4,1,5,4,4,5,4,5,4,5,4,5,5,5,5,5,4
557,F,Y,3,5,2,3,3,3,3,1,2,2,3,4,3,4,4,4,5,2,3,2
558,F,Y,3,1,3,3,2,1,1,1,4,1,3,1,2,3,2,2,2,2,3,3
559,F,Y,3,1,2,2,2,2,2,3,1,1,3,2,2,1,2,3,3,2,3,3
560,F,Y,2,3,3,2,1,4,3,2,1,2,3,3,2,2,4,3,3,2,1,1
561,F,Y,5,5,5,4,4,4,5,2,4,2,3,5,3,2,4,4,5,5,5,4
562,F,Y,3,3,2,2,3,3,2,1,1,3,4,4,3,1,2,3,3,3,3,2
563,F,Y,2,3,3,2,3,4,1,1,2,1,3,5,3,3,3,2,3,2,2,3
564,F,Y,4,3,4,3,3,3,2,3,3,2,2,3,3,3,4,3,4,4,3,3
565,F,Y,3,5,1,3,2,3,3,1,2,2,4,4,3,4,4,3,2,3,2,3
566,F,Y,3,2,3,2,1,1,2,3,2,1,3,3,3,2,2,3,3,2,3,2
567,F,Y,4,4,4,4,3,5,4,3,2,2,4,5,4,3,5,4,5,4,5,5
568,F,Y,4,5,4,4,2,5,4,2,3,2,3,3,4,4,5,4,5,4,3,5
569,F,Y,3,2,3,2,2,2,1,3,2,3,2,3,2,5,5,3,5,2,3,2
570,F,Y,3,3,3,4,2,2,3,2,2,3,3,3,4,3,4,3,5,4,4,4
571,F,Y,2,2,3,1,1,2,1,2,2,1,2,4,1,2,2,2,3,2,1,3
572,F,Y,4,2,4,3,3,4,3,1,1,2,3,1,4,3,4,4,5,4,4,4
573,F,Y,4,3,4,3,2,2,4,3,2,2,4,3,4,2,4,4,5,3,4,5
574,F,Y,5,4,5,3,3,5,5,1,5,4,5,5,5,5,5,5,5,5,5,5
575,F,Y,4,4,5,4,3,5,2,2,4,3,4,4,5,4,5,4,5,5,5,5
576,F,Y,3,4,4,3,3,5,2,1,4,2,2,4,4,4,4,4,4,4,4,4
577,F,Y,3,2,2,3,3,1,3,1,1,1,4,1,3,3,3,4,3,3,3,3
578,F,Y,3,4,3,2,3,2,3,3,2,1,3,4,4,1,4,2,5,2,5,3
579,F,Y,1,2,1,1,1,1,3,3,1,1,1,2,2,2,2,3,3,2,3,1
580,F,Y,2,2,3,4,2,3,5,1,2,4,4,3,3,3,3,4,4,3,4,3
581,F,Y,4,3,4,5,2,2,4,2,4,2,5,5,4,2,4,4,4,4,4,3
582,F,Y,3,3,5,3,3,4,3,3,1,4,3,4,4,4,4,4,5,5,4,5
583,F,Y,4,2,3,3,3,5,3,3,1,2,3,3,3,4,4,5,4,4,5,3
584,F,Y,5,4,1,3,2,2,3,3,2,3,3,2,3,3,3,2,3,2,5,3
585,F,Y,4,3,1,3,2,1,1,5,2,4,2,3,2,1,2,3,2,3,3,3
586,F,Y,4,3,4,3,3,3,4,3,3,3,5,3,4,3,4,4,5,3,4,4
587,F,Y,5,3,3,4,1,3,1,2,2,3,3,4,3,1,4,4,4,2,3,3
588,F,Y,5,5,5,4,3,5,4,4,4,3,3,4,5,4,4,5,5,5,5,5
589,F,Y,3,2,3,2,2,1,3,1,2,1,1,3,2,2,1,2,3,2,4,3
590,F,Y,4,5,3,3,4,3,5,4,2,3,4,4,4,1,4,4,5,3,4,3
591,F,Y,3,3,3,2,3,3,4,3,5,3,4,1,4,1,3,3,3,3,5,4
592,F,Y,4,3,4,2,2,3,3,4,2,2,4,2,4,4,3,4,3,3,3,4
593,F,Y,5,5,5,4,4,5,4,3,2,3,2,5,5,3,5,5,5,4,5,4
594,F,Y,3,3,1,3,2,2,3,1,3,2,2,1,1,3,2,2,3,1,2,3
595,F,Y,5,5,5,4,5,3,5,3,4,3,3,5,5,4,5,5,5,5,5,5
596,F,Y,5,4,3,3,3,2,3,1,2,3,3,4,3,5,4,4,5,3,4,3
597,F,Y,2,2,4,3,2,3,4,3,1,1,4,2,3,1,3,4,4,4,4,5
598,F,Y,5,5,5,5,5,4,5,4,5,4,5,2,5,4,5,5,5,5,5,4
599,F,Y,3,3,3,3,2,5,3,2,4,2,2,3,3,2,3,3,3,2,5,3
600,F,Y,5,3,5,3,4,5,3,3,3,3,4,4,5,3,4,3,5,5,5,5
601,F,Y,3,3,4,1,1,2,3,2,3,2,4,3,3,3,3,3,3,4,3,4
602,F,Y,3,3,2,1,1,4,3,1,1,2,2,4,3,2,2,2,3,3,2,3
603,F,Y,5,5,5,5,3,2,3,3,4,4,3,5,5,5,4,5,5,5,4,5
604,F,Y,3,2,2,3,2,3,3,1,1,3,3,3,3,2,2,2,4,3,4,3
605,F,Y,4,3,3,1,3,1,4,2,2,2,2,1,3,4,4,4,4,3,4,4
606,F,Y,5,4,4,2,1,3,5,2,1,2,3,5,4,4,5,5,5,4,5,4
607,F,Y,4,5,5,5,3,5,3,4,2,4,5,2,4,2,5,5,5,4,4,5
608,F,Y,3,4,4,4,2,3,3,1,2,1,5,3,4,2,3,3,3,3,3,4
609,F,Y,3,2,4,3,3,3,4,2,5,3,5,4,3,3,3,3,4,3,3,4
610,F,Y,2,2,1,2,1,1,2,3,3,1,1,3,1,1,2,3,3,1,3,2
611,F,Y,4,4,3,3,3,3,2,3,2,3,2,4,4,3,4,3,4,4,4,4
612,F,Y,2,3,2,2,1,1,3,2,3,1,5,2,3,1,3,3,3,2,2,2
613,F,Y,4,4,4,2,4,4,2,3,4,3,5,4,4,5,4,4,5,4,4,5
614,F,Y,2,2,2,1,1,1,2,3,2,2,4,4,1,3,2,3,2,2,3,2
615,F,Y,4,4,5,3,3,5,4,3,4,4,3,5,5,3,4,4,4,4,3,5
616,F,Y,4,3,3,3,1,3,3,3,2,5,3,4,3,3,2,3,4,2,3,3
617,F,Y,3,3,3,3,2,4,3,4,1,1,3,2,3,3,3,4,3,4,3,3
618,F,Y,1,3,2,3,1,2,3,1,3,4,2,4,1,1,2,3,2,2,4,3
619,F,Y,5,3,5,4,3,4,2,4,1,4,5,3,4,3,5,5,5,5,4,4
620,F,Y,4,2,4,4,5,3,3,3,3,2,2,3,4,3,4,4,3,3,4,3
621,F,Y,4,5,4,4,1,5,4,3,2,3,4,5,4,3,4,5,5,5,5,4
622,F,Y,5,4,5,4,4,5,5,4,2,4,3,4,4,4,4,4,5,4,5,5
623,F,Y,2,2,2,2,3,2,1,3,1,1,3,1,1,2,2,2,3,1,4,1
624,F,Y,5,4,5,3,1,3,3,2,4,2,4,3,4,4,5,4,5,4,3,4
625,F,Y,5,3,4,3,3,3,2,3,5,3,4,2,4,1,4,4,4,5,5,4
626,F,Y,4,4,5,4,2,5,3,2,3,3,5,4,5,4,4,5,5,5,5,5
627,F,Y,4,5,4,3,3,5,5,3,4,2,4,2,3,3,3,3,4,3,4,5
628,F,Y,4,4,4,3,1,5,3,4,4,2,3,5,4,4,4,4,5,4,4,3
629,F,Y,5,5,4,4,3,4,3,4,1,3,5,4,4,3,5,5,4,5,5,5
630,F,Y,2,3,2,2,1,2,2,1,2,3,4,3,3,2,3,3,3,3,3,3
631,F,Y,5,5,5,4,3,3,3,4,3,4,3,4,3,5,4,4,5,4,5,5
632,F,Y,3,2,3,3,1,3,1,1,1,1,3,1,3,3,2,3,2,2,3,3
633,F,Y,5,3,4,3,2,4,3,5,4,3,3,5,5,3,5,5,3,3,3,4
634,F,Y,5,5,3,3,3,4,3,1,2,1,4,4,4,3,5,5,5,3,3,3
635,F,Y,4,3,4,4,2,4,5,2,1,2,4,5,5,5,5,5,5,4,4,3
636,F,Y,5,2,5,3,3,2,4,2,4,2,2,5,4,4,4,5,4,5,3,3
637,F,Y,4,5,4,4,3,5,3,4,2,4,5,4,4,4,5,5,4,4,5,5
638,F,Y,5,5,4,2,3,4,1,2,3,4,2,4,5,2,5,4,4,4,5,4
639,F,Y,3,2,2,2,2,3,1,2,2,1,4,2,3,1,2,3,3,2,3,3
640,F,Y,5,5,5,5,4,5,5,1,5,4,5,2,5,4,5,5,5,5,4,5
641,F,Y,3,4,3,3,3,3,3,4,4,2,3,2,3,4,5,3,3,5,5,3
642,F,Y,4,3,3,3,2,3,3,1,2,1,3,4,4,4,5,4,3,4,3,3
643,F,Y,3,3,3,3,3,3,3,2,3,2,2,2,4,4,4,4,4,4,4,3
644,F,Y,4,5,5,4,1,5,4,3,2,3,3,3,5,3,4,4,4,4,4,5
645,F,Y,5,5,4,3,4,3,4,3,4,3,3,4,5,5,5,3,5,4,4,5
646,F,Y,2,2,1,4,1,2,1,1,4,3,2,2,3,1,2,4,3,1,2,3
647,F,Y,4,5,5,2,3,5,4,2,2,2,2,3,5,3,5,4,5,3,3,4
648,F,Y,5,5,5,3,3,5,5,3,5,3,4,3,5,5,5,3,5,5,5,5
649,F,Y,3,2,2,3,1,1,3,1,4,3,3,3,2,2,2,3,3,2,3,2
650,F,Y,5,5,5,3,5,5,3,3,2,2,5,3,4,3,4,5,5,4,5,4
651,F,Y,4,3,4,5,3,3,3,1,3,3,3,2,3,4,2,5,5,5,4,4
652,F,Y,3,3,3,2,2,5,3,2,2,1,2,2,3,1,4,3,4,3,4,4
653,F,Y,3,2,3,2,1,4,3,3,4,1,2,2,4,3,3,4,4,3,5,4
654,F,Y,1,2,1,2,1,1,1,2,2,1,1,2,1,1,1,3,2,1,3,2
655,F,Y,3,4,2,3,2,2,4,2,2,1,4,4,3,4,4,3,3,3,5,3
656,F,Y,5,4,3,5,3,4,3,3,5,3,5,1,5,5,5,3,5,5,4,5
657,F,Y,2,1,1,1,1,3,3,1,2,1,1,1,2,1,3,2,3,2,3,2
658,F,Y,5,4,5,3,2,4,5,1,4,3,3,3,4,2,5,5,4,5,5,4
659,F,Y,4,5,5,3,3,5,4,2,3,4,4,4,5,3,5,5,5,5,5,5
660,F,Y,4,4,4,2,3,5,5,2,3,2,3,4,4,5,3,4,5,4,4,3
661,F,Y,4,4,4,5,4,5,3,4,4,1,4,4,4,4,4,4,5,5,5,5
662,F,Y,3,3,3,3,4,1,3,3,2,1,3,3,2,2,3,3,3,2,3,3
663,F,Y,4,5,4,4,3,4,5,2,4,2,4,2,5,4,4,4,5,4,5,4
664,F,Y,2,3,2,3,2,2,4,1,1,3,4,3,3,2,2,4,3,3,5,3
665,F,Y,4,3,4,3,2,5,3,3,2,2,4,3,3,4,4,3,4,3,4,5
666,F,Y,3,3,3,3,1,4,3,2,1,1,4,2,3,3,3,3,3,2,3,3
667,F,Y,3,4,3,3,1,5,4,1,2,1,1,4,3,3,2,3,3,3,3,3
668,F,Y,4,3,3,2,3,5,3,2,4,1,2,5,4,4,1,3,3,4,4,4
669,F,Y,4,3,4,3,4,3,3,4,2,3,4,3,4,4,4,4,5,3,3,4
670,F,Y,4,3,2,4,2,1,2,3,3,2,5,4,4,3,3,3,4,3,3,4
671,F,Y,5,4,5,3,3,5,2,5,3,2,5,3,5,3,3,3,5,4,5,4
672,F,Y,1,3,1,2,3,1,2,1,5,2,1,3,2,2,2,2,3,2,3,1
673,F,Y,3,3,4,3,3,3,5,3,4,2,4,4,4,4,3,4,3,4,3,4
674,F,Y,4,3,2,3,1,3,3,2,1,2,2,3,2,1,2,3,2,1,3,1
675,F,Y,2,3,1,2,2,1,1,1,2,2,2,3,1,2,1,3,3,1,3,2
676,F,Y,3,3,3,2,3,2,3,1,3,1,2,4,4,1,3,3,3,4,3,4
677,F,Y,5,4,3,3,3,3,4,1,2,3,4,4,4,3,3,4,5,3,4,4
678,F,Y,5,3,5,4,3,3,5,2,4,2,3,4,5,1,5,5,5,5,4,4
679,F,Y,1,3,1,1,3,1,4,3,3,1,2,5,1,3,3,2,3,2,2,2
680,F,Y,2,2,2,2,1,2,1,1,2,1,1,4,1,5,1,2,2,1,3,2
681,F,Y,3,3,5,4,3,4,5,3,4,5,5,3,5,5,5,5,5,4,5,4
682,F,Y,2,4,4,2,2,1,1,2,4,3,3,3,3,2,4,4,5,3,3,4
683,F,Y,4,4,4,3,3,4,3,2,2,1,4,4,5,3,4,4,4,5,2,3
684,F,Y,4,4,5,2,3,5,4,5,2,4,4,3,5,2,4,4,5,4,4,4
685,F,Y,5,5,5,5,4,5,4,4,4,4,3,5,5,4,5,5,5,4,5,5
686,F,Y,4,5,3,3,2,4,3,2,1,3,3,5,4,2,3,3,3,3,3,3
687,F,Y,3,3,3,3,2,4,2,5,5,2,4,3,3,1,4,3,3,2,5,3
688,F,Y,2,2,2,3,1,2,3,2,2,1,3,3,1,2,2,2,3,1,3,2
689,F,Y,3,1,2,3,2,3,1,1,2,1,3,2,3,3,2,3,3,3,3,2
690,F,Y,4,3,5,3,2,5,3,1,3,4,5,5,3,3,3,3,5,4,5,4
691,F,Y,4,5,5,5,3,4,3,2,4,3,2,4,5,4,4,5,5,5,5,5
692,F,Y,3,3,2,2,1,3,1,3,1,1,1,1,2,2,2,3,3,2,4,1
693,F,Y,3,3,4,3,2,3,2,2,2,5,4,5,4,4,2,3,5,3,4,3
694,F,Y,4,4,3,3,4,4,3,1,5,3,4,3,4,5,4,5,3,4,4,3
695,F,Y,1,4,4,2,1,2,3,1,1,2,1,3,2,3,2,3,3,3,3,3
696,F,Y,5,4,5,5,3,4,5,3,2,3,5,2,5,4,5,5,5,5,5,5
697,F,Y,4,3,3,3,4,3,4,3,3,3,5,3,4,4,3,4,4,4,4,3
698,F,Y,2,2,2,2,2,2,4,1,2,3,1,2,2,1,2,5,2,3,3,3
699,F,Y,4,1,4,3,4,4,4,3,3,2,4,4,3,4,4,4,3,3,3,4
700,F,Y,5,3,5,4,4,5,4,5,3,2,5,5,5,3,5,5,5,4,5,5
701,F,Y,3,4,3,3,3,3,3,2,4,4,4,5,4,4,3,5,4,3,5,4
702,F,Y,2,3,1,3,1,1,2,1,1,1,3,2,1,2,2,2,2,1,3,2
703,F,Y,1,2,2,2,1,1,3,1,1,1,5,2,3,3,1,3,2,2,3,2
704,F,Y,5,5,5,4,5,5,4,3,4,4,5,5,5,5,5,5,5,5,4,5
705,F,Y,2,2,3,2,1,4,1,3,3,2,4,3,4,2,2,3,3,3,3,2
706,F,Y,4,4,3,3,3,5,2,2,4,1,4,3,4,3,5,3,4,4,3,3
707,F,Y,2,2,3,2,3,1,3,2,3,1,1,1,3,2,3,3,3,2,3,3
708,F,Y,3,4,5,4,3,5,4,3,5,2,5,2,5,4,4,4,4,4,4,5
709,F,Y,1,3,1,2,1,2,1,1,4,1,4,2,1,3,2,3,2,1,3,3
710,F,Y,4,3,4,2,1,4,3,1,2,1,2,2,3,4,4,3,5,3,5,2
711,F,Y,5,4,5,4,3,5,5,3,4,3,5,4,5,4,4,5,5,5,5,5
712,F,Y,4,3,4,3,3,3,3,3,2,3,2,3,5,1,3,4,3,4,3,2
713,F,Y,3,4,3,3,3,3,3,2,3,3,2,4,4,1,2,3,3,2,4,3
714,F,Y,3,2,3,2,2,3,2,3,2,1,4,3,3,3,2,3,3,3,4,3
715,F,Y,4,3,3,3,2,5,3,2,2,3,4,3,3,3,3,4,4,4,3,4
716,F,Y,4,4,3,3,1,5,4,1,3,3,2,4,4,4,4,3,4,4,3,5
717,F,Y,2,1,2,2,1,2,3,1,3,1,3,3,1,1,3,3,3,2,1,3
718,F,Y,3,3,3,2,2,2,3,2,4,1,4,2,2,3,3,3,3,3,3,2
719,F,Y,4,3,4,2,3,3,4,2,4,4,3,4,5,3,5,5,5,4,5,5
720,F,Y,3,1,2,3,1,4,2,1,3,3,4,2,3,3,2,3,3,2,3,2
721,F,Y,3,4,3,3,3,2,4,2,3,1,2,4,4,1,3,5,3,3,3,1
722,F,Y,3,5,4,4,3,4,4,3,3,4,4,4,4,5,5,5,4,4,5,4
723,F,Y,5,5,5,4,5,5,4,4,3,3,1,4,5,5,5,5,5,5,5,4
724,F,Y,4,4,5,2,1,3,4,3,2,3,3,4,4,3,3,4,4,3,5,2
725,F,Y,3,3,3,2,3,4,2,1,2,2,3,3,2,2,2,3,3,2,3,3
726,F,Y,5,4,5,1,3,3,4,2,4,2,5,4,4,4,4,3,5,4,4,4
727,F,Y,3,3,3,3,1,3,4,1,3,2,2,5,4,1,2,3,4,3,4,2
728,F,Y,3,2,2,2,3,1,3,2,4,1,5,3,3,1,4,3,4,4,3,1
729,F,Y,4,3,1,1,1,1,3,2,1,1,2,2,2,3,3,5,3,2,5,2
730,F,Y,5,5,5,5,3,4,4,4,4,3,4,4,5,5,4,4,5,5,5,5
731,F,Y,2,4,3,2,2,2,2,1,4,1,1,1,2,2,3,2,3,3,5,3
732,F,Y,3,3,3,3,2,3,3,1,3,2,5,2,3,3,2,4,4,2,3,2
733,F,Y,4,4,5,3,3,4,4,5,4,3,4,4,5,4,5,4,4,5,5,4
734,F,Y,5,4,5,5,4,2,4,3,4,4,3,5,4,4,4,5,3,4,4,3
735,F,Y,4,3,3,2,3,4,3,2,4,2,4,4,4,2,3,4,3,3,3,2
736,F,Y,2,3,2,3,2,5,3,1,1,3,4,1,3,2,3,3,3,2,3,4
737,F,Y,4,2,3,2,2,1,1,2,2,2,3,3,4,2,4,2,3,3,3,3
738,F,Y,5,3,4,1,2,4,2,1,1,1,1,3,3,2,4,4,4,3,4,3
739,F,Y,4,5,5,5,3,5,4,5,2,3,4,1,5,3,4,5,5,5,5,5
740,F,Y,4,4,3,2,3,2,3,2,5,2,2,4,4,2,2,4,4,4,4,4
741,F,Y,5,4,5,4,5,5,5,1,1,3,2,4,5,4,4,5,5,5,4,5
742,F,Y,4,5,4,5,2,4,3,4,1,3,4,5,5,4,4,4,4,4,5,3
743,F,Y,2,1,2,3,2,1,3,1,1,1,2,3,3,5,2,3,3,2,3,2
744,F,Y,5,3,3,3,2,3,3,1,5,4,4,5,3,1,3,3,4,3,4,4
745,F,Y,4,3,5,2,2,3,3,3,4,3,4,3,3,2,4,4,4,4,5,3
746,F,Y,3,4,4,5,2,4,5,3,2,3,3,5,4,4,4,4,5,4,5,4
747,F,Y,1,3,3,3,1,2,2,1,2,1,2,1,1,1,2,3,2,1,3,2
748,F,Y,1,3,1,1,1,2,3,2,1,1,1,4,1,1,2,2,4,2,3,2
749,F,Y,2,4,2,3,2,2,2,1,3,1,3,4,2,4,4,3,3,3,3,3
750,F,Y,3,4,3,2,3,2,2,1,2,4,4,2,3,2,3,3,4,2,5,2
751,F,Y,4,3,4,2,3,5,3,5,2,3,4,3,4,4,4,4,5,3,3,4
752,F,Y,4,3,3,3,3,3,1,2,2,1,2,2,3,2,3,4,5,3,4,3
753,F,Y,3,2,2,3,1,3,1,1,3,2,2,1,1,1,2,2,2,3,5,3
754,F,Y,3,3,3,2,2,2,4,1,1,1,3,2,3,3,3,1,3,2,3,2
755,F,Y,3,2,2,1,1,2,1,4,2,2,3,2,1,1,3,4,3,3,1,3
756,F,Y,4,3,4,1,1,2,3,2,3,2,2,3,3,4,4,3,3,3,3,3
757,F,Y,5,5,5,5,4,4,5,3,3,1,4,5,5,5,5,4,5,5,5,5
758,F,Y,4,3,4,3,1,2,3,2,3,1,2,4,3,5,2,3,3,2,4,2
759,F,Y,3,3,4,2,2,3,3,2,3,1,2,3,4,2,4,4,3,3,4,4
760,F,Y,4,2,2,4,3,3,3,1,1,3,1,4,2,2,3,3,3,3,3,3
761,F,Y,3,3,2,1,2,3,2,1,1,1,2,2,3,3,2,3,2,2,3,3
762,F,Y,3,3,3,4,2,3,1,3,4,1,3,3,1,4,3,2,3,1,4,2
763,F,Y,3,3,2,1,2,1,1,1,1,2,2,2,3,1,2,2,3,2,3,3
764,F,Y,3,4,1,2,1,1,3,1,2,2,1,3,2,2,2,3,3,4,2,3
765,F,Y,3,4,3,4,2,4,3,3,3,1,5,5,3,2,3,3,3,2,4,2
766,F,Y,5,4,5,4,3,5,5,4,3,3,5,4,5,3,5,5,5,4,4,5
767,F,Y,3,1,2,3,1,3,5,2,1,1,5,3,3,3,3,3,4,3,3,3
768,F,Y,4,4,5,3,3,4,3,3,2,2,2,4,4,1,4,4,3,3,3,2
769,F,Y,3,3,3,2,2,4,5,3,2,1,2,4,4,3,3,3,3,2,3,2
770,F,Y,3,4,3,2,3,4,3,3,2,2,3,2,2,2,3,3,3,2,3,3
771,F,Y,4,3,3,2,3,5,3,2,1,2,5,2,4,4,3,4,4,3,5,5
772,F,Y,3,2,3,2,2,2,3,4,3,1,3,5,2,3,4,4,4,4,3,2
773,F,Y,4,3,4,3,2,3,5,2,4,1,2,2,4,3,3,3,4,4,3,3
774,F,Y,3,1,3,4,1,4,3,3,3,2,4,2,3,3,4,4,3,2,3,3
775,F,Y,5,3,4,4,3,1,5,3,2,2,4,5,3,5,5,4,4,4,4,5
776,F,Y,2,1,1,2,1,1,1,1,1,1,2,1,1,1,1,2,3,2,1,2
777,F,Y,2,2,2,1,1,1,2,1,2,1,2,2,2,3,2,3,3,2,3,1
778,F,Y,3,2,2,3,1,4,3,2,2,1,2,2,1,1,3,3,3,2,5,2
779,F,Y,5,4,5,4,3,3,5,1,3,3,4,3,4,5,5,5,5,5,5,5
780,F,Y,3,2,4,2,2,4,3,1,3,1,4,3,4,5,5,3,4,3,3,3
781,F,Y,5,3,5,3,3,5,2,3,2,3,4,5,4,5,5,5,5,4,5,4
782,F,Y,2,2,2,1,2,1,3,3,1,1,5,2,2,1,2,3,3,1,3,2
783,F,Y,4,4,4,4,2,3,2,2,1,3,4,4,4,3,3,3,5,3,4,4
784,F,Y,3,3,4,1,1,3,3,3,2,1,3,4,3,2,3,2,2,4,3,3
785,F,Y,5,3,4,2,4,2,3,1,2,1,3,2,3,3,2,3,4,3,4,2
786,F,Y,3,2,1,1,1,4,2,1,3,2,1,2,1,2,2,2,3,2,3,1
787,F,Y,3,3,3,3,2,2,3,1,4,2,3,2,2,2,3,2,2,3,3,3
788,F,Y,4,4,4,3,3,5,5,3,3,3,4,3,4,4,4,4,4,3,4,4
789,F,Y,2,3,4,2,2,2,3,2,3,1,3,2,3,1,3,2,3,4,4,2
790,F,Y,3,3,2,3,1,4,3,4,3,1,5,3,3,3,2,3,4,3,3,3
791,F,Y,3,3,4,2,2,5,3,3,3,2,3,4,4,5,4,4,5,4,3,4
792,F,Y,2,3,2,3,1,2,2,3,2,1,2,2,2,1,2,2,2,2,3,3
793,F,Y,5,3,5,5,4,5,5,1,4,3,4,3,5,3,5,5,5,5,4,4
794,F,Y,1,3,2,2,3,1,3,2,4,1,3,2,2,3,2,2,3,2,3,3
795,F,Y,2,3,1,1,1,1,1,1,1,2,2,2,1,2,1,2,3,1,3,1
796,F,Y,4,4,3,3,1,1,4,3,5,1,2,4,4,3,3,3,3,2,3,3
797,F,Y,3,2,4,3,2,3,3,3,2,1,4,3,4,3,4,3,4,4,4,4
798,F,Y,3,4,3,1,3,1,1,1,1,1,3,3,1,2,3,2,3,3,3,3
799,F,Y,5,3,5,4,3,5,3,1,4,3,2,5,4,4,4,4,4,4,5,5
800,F,Y,4,5,4,5,3,5,3,3,2,1,3,3,3,3,3,4,4,3,3,3
801,F,Y,4,4,5,5,2,3,4,1,1,4,4,3,4,5,5,5,4,4,4,3
802,F,Y,4,4,5,5,3,5,3,1,4,4,5,4,5,5,5,5,5,4,5,5
803,F,Y,4,4,3,3,1,1,3,1,4,2,2,1,1,1,3,3,3,1,4,3
804,F,Y,3,4,4,3,3,3,3,3,4,3,1,2,4,3,3,3,5,3,3,3
805,F,Y,3,1,1,2,1,3,1,3,2,2,2,2,3,3,2,3,3,2,3,1
806,F,Y,5,5,5,2,2,4,4,1,2,2,4,2,5,3,5,5,5,4,4,5
807,F,Y,3,2,1,2,2,3,2,2,2,1,2,2,2,2,2,2,5,1,3,2
808,F,Y,4,4,4,3,2,4,2,3,2,2,4,3,4,1,4,4,4,4,4,5
809,F,Y,3,3,1,2,2,2,3,3,4,1,2,3,3,3,3,3,4,2,2,2
810,F,Y,4,3,4,3,3,4,2,1,3,3,3,5,3,3,4,4,3,4,5,3
811,F,Y,1,3,1,1,2,1,3,2,2,1,3,1,2,1,2,1,2,1,4,2
812,F,Y,3,2,2,3,1,3,3,2,1,3,4,2,4,4,3,3,3,3,4,3
813,F,Y,5,4,5,3,2,4,3,3,1,3,5,4,4,3,4,5,5,4,3,3
814,F,Y,4,4,3,5,1,4,3,1,2,2,2,2,3,2,2,3,3,2,3,3
815,F,Y,3,2,2,3,2,2,1,3,2,1,3,3,2,3,2,3,3,3,3,3
816,F,Y,5,5,5,5,3,1,5,3,3,1,3,4,5,5,5,5,5,5,5,4
817,F,Y,3,4,4,3,3,4,4,2,5,2,4,1,4,3,4,4,5,5,3,4
818,F,Y,3,3,1,2,2,3,2,3,3,3,3,3,2,1,4,3,3,3,3,1
819,F,Y,2,2,2,3,1,2,2,1,2,3,4,3,2,3,2,3,3,3,3,2
820,F,Y,2,5,4,3,1,1,4,2,1,1,2,3,5,5,3,3,4,3,3,3
821,F,Y,3,3,3,2,3,2,2,2,4,2,3,3,3,2,3,4,3,3,4,3
822,F,Y,2,3,3,1,4,1,3,3,2,2,3,3,1,2,4,3,3,2,3,2
823,F,Y,5,3,5,4,2,5,2,2,1,3,5,4,5,4,5,5,4,4,4,5
824,F,Y,3,2,3,2,1,2,3,2,2,3,3,4,3,1,3,3,3,2,3,3
825,F,Y,3,3,4,1,2,4,3,2,3,2,3,1,3,3,3,2,3,3,4,3
826,F,Y,4,3,2,3,2,2,3,4,3,2,2,2,3,5,4,3,2,3,3,4
827,F,Y,4,4,5,4,3,5,5,2,5,3,4,4,5,3,3,4,5,5,5,3
828,F,Y,2,2,1,2,2,2,3,1,3,1,4,2,3,2,1,2,4,2,5,4
829,F,Y,4,3,4,3,3,5,4,3,4,2,4,4,3,4,3,3,3,5,4,3
830,F,Y,3,3,2,1,1,2,2,1,4,2,3,3,2,3,3,3,3,3,5,3
831,F,Y,3,3,1,2,2,1,2,2,2,3,4,2,2,2,2,4,2,1,3,2
832,F,Y,3,3,2,1,1,2,3,1,2,3,4,1,3,3,3,3,5,3,3,3
833,F,Y,3,4,4,3,3,4,3,3,2,3,3,4,3,1,3,3,4,3,3,3
834,F,Y,2,3,1,2,2,2,2,2,1,1,2,3,2,3,2,2,3,2,3,3
835,F,Y,1,3,2,2,1,3,3,1,2,1,1,2,3,3,2,2,3,2,3,3
836,F,Y,3,3,4,2,2,3,3,3,2,3,2,3,3,3,4,3,3,3,3,3
837,F,Y,3,2,3,3,3,1,4,1,4,1,3,4,4,3,2,3,4,3,3,3
838,F,Y,4,3,4,3,2,4,3,2,4,3,3,4,4,3,3,5,4,3,4,3
839,F,Y,5,5,5,3,3,3,4,2,2,1,5,4,4,5,5,4,5,4,4,5
840,F,Y,4,4,5,3,4,2,2,3,3,3,4,3,5,4,4,3,4,5,5,5
841,F,Y,4,2,3,3,1,3,1,1,1,1,4,1,1,1,1,2,3,3,3,2
842,F,Y,5,4,5,4,2,4,4,2,4,4,5,3,5,4,2,5,5,5,5,5
843,F,Y,4,3,3,3,2,4,3,4,5,2,2,4,3,3,2,1,3,2,4,4
844,F,Y,3,4,3,3,2,2,1,2,2,1,3,4,3,1,3,3,3,3,4,3
845,F,Y,5,5,5,3,3,4,4,5,1,2,3,4,4,3,5,5,5,4,5,5
846,F,Y,1,3,1,2,1,1,1,2,1,1,1,3,2,1,2,2,2,2,2,2
847,F,Y,1,3,2,2,1,2,3,2,1,1,2,4,1,1,2,2,3,1,3,3
848,F,Y,4,3,3,3,2,2,5,2,3,2,4,3,3,4,3,3,3,3,3,3
849,F,Y,4,5,5,4,3,5,5,3,4,2,4,3,5,2,4,4,5,5,5,4
850,F,Y,3,3,2,2,2,1,1,2,1,1,2,3,3,1,2,3,3,2,3,3
851,F,Y,1,3,2,3,1,1,1,3,2,1,2,5,1,2,3,2,2,3,4,3
852,F,Y,3,2,3,3,4,5,3,3,1,1,1,1,3,3,3,3,4,4,4,3
853,F,Y,3,2,2,2,2,2,3,3,3,1,3,4,2,1,2,3,4,1,3,3
854,F,Y,1,3,2,2,2,2,1,3,3,2,3,2,2,1,3,3,3,2,3,3
855,F,Y,5,2,3,4,2,3,5,5,3,2,3,4,4,2,4,3,3,3,4,3
856,F,Y,3,2,3,2,2,2,2,3,4,1,2,1,2,1,2,3,5,4,3,1
857,F,Y,4,3,3,3,2,3,3,4,4,2,4,3,3,4,4,5,4,5,4,3
858,F,Y,5,4,3,1,2,1,3,1,1,4,2,3,2,4,2,2,3,2,3,3
859,F,Y,5,5,5,4,3,5,4,4,4,3,5,3,5,5,5,5,5,5,5,5
860,F,Y,4,2,2,3,1,1,3,1,2,2,2,1,3,3,4,3,4,3,4,2
861,F,Y,2,3,2,1,3,1,3,2,2,1,2,1,2,2,2,3,3,2,2,3
862,F,Y,2,3,2,1,1,2,3,1,2,1,1,2,3,2,2,3,3,2,4,2
863,F,Y,1,3,2,3,1,2,2,1,2,3,2,3,3,2,2,3,3,2,3,3
864,F,Y,4,4,4,5,3,4,4,3,4,2,3,3,4,3,5,5,5,3,5,4
865,F,Y,4,4,3,2,1,3,4,1,1,1,4,3,3,1,4,3,4,2,3,4
866,F,Y,4,3,3,2,2,3,5,1,2,3,3,1,4,1,2,3,3,3,3,2
867,F,Y,4,3,3,2,2,3,3,1,2,3,5,2,3,3,2,3,4,3,5,2
868,F,Y,4,2,5,2,1,3,4,5,4,2,5,5,4,4,4,4,4,3,3,3
869,F,Y,4,2,5,3,3,4,5,3,4,4,4,4,4,3,5,5,5,5,5,4
870,F,Y,3,2,1,1,1,1,2,2,3,1,3,2,1,1,2,2,3,1,2,2
871,F,Y,5,5,5,3,5,5,3,4,2,2,2,4,5,5,5,5,5,5,5,4
872,F,Y,3,3,3,4,2,3,4,3,2,4,3,3,4,3,4,2,3,3,4,3
873,F,Y,3,1,1,3,1,2,2,2,1,1,1,5,2,2,2,3,3,3,4,3
874,F,Y,5,4,5,4,2,4,3,1,4,3,2,3,5,3,5,3,5,4,4,4
875,F,Y,4,4,5,3,1,3,5,3,4,3,5,5,5,5,5,5,5,5,5,4
876,F,Y,1,2,1,1,2,1,2,1,2,1,2,3,2,2,2,3,2,1,2,1
877,F,Y,5,3,5,3,3,5,3,4,3,1,5,5,5,2,4,5,5,5,5,5
878,F,Y,5,4,5,4,3,5,3,3,3,3,5,2,4,3,3,4,5,5,5,4
879,F,Y,3,3,4,3,4,4,2,4,2,2,5,3,3,3,3,4,4,3,4,4
880,F,Y,5,3,5,4,3,4,1,4,4,4,4,5,5,4,5,4,5,4,4,5
881,F,Y,3,3,3,3,3,3,3,1,3,1,3,2,3,5,3,4,4,3,4,3
882,F,Y,5,5,5,4,3,5,5,5,1,4,3,5,5,3,5,5,5,5,5,5
883,F,Y,5,3,5,4,3,5,4,3,3,3,4,5,4,3,5,3,5,4,3,5
884,F,Y,3,5,4,3,2,4,3,1,2,3,2,3,3,4,3,3,3,3,3,4
885,F,Y,2,5,3,2,2,1,2,2,1,1,1,3,2,3,1,2,3,2,3,3
886,F,Y,3,3,5,4,2,4,4,2,4,2,4,2,3,4,4,3,4,4,4,4
887,F,Y,2,3,2,2,2,2,3,1,2,1,2,3,2,1,2,2,3,1,3,2
888,F,Y,3,3,2,3,1,1,2,1,4,2,2,2,2,3,2,3,2,2,3,3
889,F,Y,4,4,5,3,3,5,3,2,2,3,2,3,4,1,4,4,5,5,4,4
890,F,Y,3,2,4,3,4,4,4,4,2,1,3,3,3,3,4,3,3,4,4,3
891,F,Y,5,3,5,2,3,4,3,1,1,2,4,3,4,3,4,4,5,4,3,4
892,F,Y,2,4,1,1,1,1,3,5,1,3,2,2,1,2,2,3,3,2,3,2
893,F,Y,5,5,4,4,5,5,3,4,5,4,5,4,5,5,5,5,5,5,5,4
894,F,Y,4,4,3,3,3,4,3,2,4,2,5,4,3,4,3,4,4,4,4,5
895,F,Y,3,3,2,2,3,2,4,2,4,2,1,1,3,2,2,3,3,3,3,2
896,F,Y,5,4,5,4,2,5,4,2,2,4,5,4,4,2,5,5,3,4,4,3
897,F,Y,2,2,3,2,2,1,2,2,1,1,2,3,2,3,2,3,3,2,2,3
898,F,Y,5,5,5,4,3,4,5,4,3,2,5,4,5,5,5,4,5,5,5,3
899,F,Y,4,4,4,3,3,3,4,2,2,1,5,3,4,5,4,3,5,4,5,5
900,F,Y,3,1,3,2,1,1,2,1,1,3,2,3,3,1,2,3,3,3,4,5
901,F,Y,3,3,2,1,2,3,1,2,2,2,1,2,1,3,2,3,2,1,3,2
902,F,Y,5,5,4,5,2,3,5,3,4,2,5,4,5,3,5,5,5,5,5,5
903,F,Y,3,4,3,3,1,2,3,2,2,3,4,4,3,3,2,3,3,2,2,3
904,F,Y,3,2,1,1,2,1,2,1,4,1,5,3,3,3,3,2,2,1,1,3
905,F,Y,5,5,5,4,4,5,5,3,3,3,5,5,5,4,5,3,5,5,5,5
906,F,Y,2,1,1,1,2,2,3,1,2,3,2,3,1,1,2,2,2,2,3,3
907,F,Y,3,2,2,2,1,2,2,1,4,1,3,3,1,3,2,3,3,2,3,4
908,F,Y,3,1,3,4,3,3,3,2,3,3,4,1,3,4,4,3,3,3,3,2
909,F,Y,5,3,5,2,5,5,4,2,4,3,4,5,5,2,5,4,5,4,4,2
910,F,Y,3,1,3,1,1,1,3,1,2,2,2,2,2,2,2,3,3,3,3,3
911,F,Y,4,2,3,3,2,4,4,3,2,2,3,4,4,3,3,3,4,3,4,4
912,F,Y,3,4,5,3,3,2,3,4,3,3,4,3,4,3,3,3,4,4,4,4
913,F,Y,4,5,5,3,2,5,4,2,3,2,3,4,5,3,4,4,5,3,4,4
914,F,Y,2,3,4,3,2,4,3,1,1,1,3,5,3,2,3,3,3,2,5,3
915,F,Y,3,3,3,2,3,2,2,1,2,1,2,3,3,2,3,3,3,2,4,3
916,F,Y,1,3,1,2,1,1,3,1,1,2,3,2,1,2,3,2,3,2,3,2
917,F,Y,5,5,3,4,2,2,4,2,1,3,2,4,3,4,5,4,4,4,5,3
918,F,Y,3,4,3,1,2,3,3,3,3,2,3,3,2,3,3,3,4,4,3,3
919,F,Y,4,5,5,3,3,4,4,3,5,4,3,4,4,1,5,5,5,5,4,5
920,F,Y,3,5,3,3,2,3,3,2,3,3,2,2,3,3,2,3,4,2,4,3
921,F,Y,5,5,5,4,4,5,5,3,4,5,5,3,5,4,4,4,5,5,5,5
922,F,Y,5,5,5,4,3,5,3,1,4,3,4,5,5,3,4,5,5,4,4,5
923,F,Y,2,2,1,2,1,2,1,1,2,1,4,2,1,2,1,2,2,2,2,2
924,F,Y,3,3,2,2,2,3,3,2,3,1,1,2,3,1,3,3,3,2,3,3
925,F,Y,5,4,5,4,2,5,3,4,4,3,4,4,4,4,5,4,5,3,4,4
926,F,Y,2,3,3,2,2,1,2,2,4,1,3,1,3,1,2,3,3,2,5,3
927,F,Y,4,4,4,1,3,5,3,1,3,1,3,3,3,3,4,4,5,3,4,4
928,F,Y,4,2,4,3,3,4,4,2,3,4,4,4,5,3,4,4,4,4,4,4
929,F,Y,5,5,5,5,3,5,5,1,3,4,4,5,4,5,5,4,4,5,4,5
930,F,Y,3,2,3,1,3,2,2,2,2,1,2,2,3,3,3,3,3,3,3,3
931,F,Y,5,5,5,4,4,4,4,1,3,3,4,3,4,3,4,3,5,4,5,4
932,F,Y,2,3,3,3,3,1,2,1,1,1,1,2,4,2,3,3,4,3,3,3
933,F,Y,4,3,3,3,2,3,3,3,1,3,3,2,4,3,4,4,3,3,5,3
934,F,Y,3,3,4,1,1,3,3,4,2,2,3,2,2,2,3,4,4,2,3,1
935,F,Y,3,3,3,4,2,4,3,2,1,3,4,2,4,4,3,4,4,4,4,3
936,F,Y,3,2,3,1,2,1,4,2,1,5,3,3,3,2,2,3,3,2,3,4
937,F,Y,5,5,5,4,4,5,4,3,4,4,5,5,5,5,5,5,5,5,4,5
938,F,Y,4,3,5,3,2,4,2,2,4,2,4,4,4,4,4,4,5,3,5,3
939,F,Y,3,3,4,3,1,3,4,3,4,2,3,3,4,3,4,3,4,5,4,3
940,F,Y,3,4,5,4,4,3,1,2,4,4,2,5,5,4,5,4,4,5,3,5
941,F,Y,4,4,5,3,4,4,4,2,5,3,4,5,4,3,5,5,5,4,3,5
942,F,Y,3,3,2,2,2,2,3,2,1,1,2,3,3,1,3,3,4,3,3,3
943,F,Y,4,2,3,3,2,3,2,1,5,2,2,4,3,2,3,3,3,3,3,3
944,F,Y,5,5,5,5,3,5,5,3,5,2,3,5,5,5,5,5,5,4,5,5
945,F,Y,2,1,2,4,2,2,1,3,2,1,1,1,2,2,2,3,1,1,3,2
946,F,Y,5,4,3,3,3,2,4,4,4,2,2,2,4,3,3,3,5,3,4,3
947,F,Y,4,3,4,3,2,4,3,3,1,1,4,3,4,4,3,4,3,3,4,4
948,F,Y,2,1,3,1,1,2,1,2,2,2,3,3,3,1,2,3,2,1,3,2
949,F,Y,4,4,4,4,3,5,3,3,4,4,3,5,5,5,4,3,5,3,5,3
950,F,Y,4,3,4,4,2,5,3,1,2,3,2,1,4,4,4,4,4,4,5,4
951,F,Y,2,2,1,2,1,2,2,2,2,1,1,1,1,2,2,2,2,1,3,3
952,F,Y,3,1,2,1,1,2,3,2,1,4,2,3,3,1,1,3,3,3,3,1
953,F,Y,4,3,4,3,2,2,5,3,2,3,3,4,4,4,4,5,5,4,5,4
954,F,Y,4,4,4,3,2,5,4,2,2,3,3,5,4,4,4,4,5,3,4,5
955,F,Y,4,4,5,3,4,5,3,3,4,4,4,4,4,4,3,5,4,5,5,3
956,F,Y,4,4,5,5,3,5,4,4,3,3,4,1,5,5,5,4,5,5,5,5
957,F,Y,5,3,3,3,2,4,3,2,2,2,2,2,3,3,4,4,5,3,4,4
958,F,Y,4,4,4,4,2,4,5,5,4,3,4,2,5,3,4,3,4,3,3,4
959,F,Y,5,5,5,3,5,5,4,3,4,4,3,4,5,5,5,4,5,4,5,5
960,F,Y,3,3,3,3,2,3,1,2,4,2,3,3,3,1,3,3,3,3,4,3
961,F,Y,3,3,4,1,2,2,3,2,1,2,4,3,3,3,3,3,4,3,5,3
962,F,Y,3,3,3,3,2,2,1,3,4,1,3,2,4,3,3,4,3,2,4,3
963,F,Y,3,1,3,2,2,3,4,1,2,1,3,3,3,4,4,3,3,4,3,3
964,F,Y,3,2,2,2,1,3,2,3,2,3,3,3,2,1,3,3,3,3,1,3
965,F,Y,3,5,2,3,1,1,3,2,2,1,3,3,2,2,2,4,3,2,1,3
966,F,Y,3,3,3,3,1,3,3,2,1,3,2,3,4,4,4,4,4,3,5,3
967,F,Y,4,4,3,2,2,5,3,1,2,2,5,3,4,4,5,4,5,4,4,3
968,F,Y,3,3,3,3,2,3,3,1,2,2,4,3,3,4,3,3,3,3,3,2
969,F,Y,3,3,2,2,3,3,2,2,2,4,4,3,2,1,1,2,3,2,3,3
970,F,Y,4,4,4,3,3,5,4,1,2,3,2,3,5,3,5,4,5,5,5,4
971,F,Y,2,3,1,3,2,1,2,1,2,1,5,4,2,4,3,3,3,2,3,3
972,F,Y,4,3,4,2,4,3,3,3,2,2,3,3,4,4,3,4,4,4,3,3
973,F,Y,3,3,3,3,1,2,3,3,1,1,5,3,3,3,3,5,3,2,3,2
974,F,Y,1,3,4,3,2,3,3,3,3,2,1,2,3,2,2,3,4,4,4,3
975,F,Y,3,3,3,3,2,4,3,3,4,2,4,4,3,3,3,3,4,4,5,2
976,F,Y,2,4,3,1,1,3,3,1,2,3,2,1,1,1,2,2,3,3,3,3
977,F,Y,3,3,4,4,3,5,2,2,1,1,2,3,4,3,4,3,3,2,3,4
978,F,Y,3,3,4,3,3,3,3,3,2,3,2,5,4,2,4,4,4,2,3,4
979,F,Y,3,3,5,2,3,5,3,2,3,2,5,2,4,3,5,4,5,4,4,5
980,F,Y,5,5,5,3,3,4,3,2,1,3,4,5,5,5,4,5,5,5,5,5
981,F,Y,3,3,4,3,2,5,3,3,4,2,4,3,5,2,3,4,5,2,3,3
982,F,Y,3,3,2,1,2,1,2,1,1,1,2,1,2,2,3,2,2,3,3,1
983,F,Y,3,5,3,4,1,3,1,1,2,2,2,3,2,1,3,3,3,3,3,3
984,F,Y,3,3,2,3,5,3,3,2,2,1,2,2,3,5,2,3,3,2,4,4
985,F,Y,3,4,5,3,3,4,3,1,3,3,5,5,4,3,5,3,5,4,4,1
986,F,Y,4,4,4,4,5,5,5,1,2,1,4,2,4,3,4,4,5,5,4,3
987,F,Y,3,2,3,3,1,3,3,2,1,2,3,3,3,3,1,3,3,3,5,4
988,F,Y,5,4,4,4,3,5,3,2,4,2,4,3,5,3,4,4,5,5,4,4
989,F,Y,2,2,1,2,1,1,1,1,2,2,3,1,2,2,1,2,2,2,3,3
990,F,Y,4,4,5,3,3,4,3,3,4,4,4,5,5,5,5,4,5,3,5,4
991,F,Y,4,4,3,2,2,3,2,1,1,2,2,3,3,2,3,3,3,2,3,3
992,F,Y,5,5,4,3,3,4,5,3,4,1,2,4,4,4,5,5,5,4,3,3
993,F,Y,2,1,2,3,1,2,3,3,1,1,2,2,1,4,2,2,3,1,5,3
994,F,Y,3,3,4,2,1,2,3,5,3,2,3,2,1,1,3,3,3,3,3,3
995,F,Y,4,2,3,3,1,3,3,3,4,3,4,3,3,3,3,3,4,4,3,3
996,F,Y,5,4,5,4,1,5,4,4,3,1,5,4,5,3,5,4,5,5,5,5
997,F,Y,3,4,3,3,3,2,2,4,1,1,4,2,3,3,3,2,4,3,4,3
998,F,Y,4,3,3,3,2,2,2,1,2,2,2,2,3,2,3,4,3,3,5,3
999,F,Y,4,4,3,3,2,4,3,2,3,1,4,3,4,2,4,3,4,3,3,5
1000,F,Y,4,2,2,1,3,1,2,1,1,3,2,2,3,2,2,3,3,2,4,3
